0,anna jenny fransson
1,anna jenny fransson
2,anna jenny fransson
3,anna jenny fransson
4,anna jenny fransson
5,ruth beitia
6,ruth beitia
7,ruth beitia
8,ruth beitia
9,ruth beitia
10,ruth beitia
11,ruth beitia
12,ruth beitia
13,christoph harting
14,christoph harting
15,christoph harting
16,christoph harting
17,christoph harting
18,christoph harting
19,christoph harting
20,christoph harting
21,christoph harting
22,christoph harting
23,allison schmitt
24,allison schmitt
25,allison schmitt
26,allison schmitt
27,allison schmitt
28,allison schmitt
29,allison schmitt
30,allison schmitt
31,allison schmitt
32,allison schmitt
33,kirani james
34,kirani james
35,kirani james
36,kirani james
37,kirani james
38,kirani james
39,kirani james
40,valerie adams
41,valerie adams
42,valerie adams
43,valerie adams
44,valerie adams
45,valerie adams
46,valerie adams
47,valerie adams
48,caterine ibarguen
49,caterine ibarguen
50,caterine ibarguen
51,caterine ibarguen
52,caterine ibarguen
53,caterine ibarguen
54,caterine ibarguen
55,caterine ibarguen
56,virginia thrasher
57,virginia thrasher
58,virginia thrasher
59,virginia thrasher
60,virginia thrasher
61,virginia thrasher
62,virginia thrasher
63,virginia thrasher
64,virginia thrasher
65,eliud kipchoge
66,eliud kipchoge
67,eliud kipchoge
68,eliud kipchoge
69,eliud kipchoge
70,eliud kipchoge
71,eliud kipchoge
72,eliud kipchoge
73,almaz ayana
74,almaz ayana
75,almaz ayana
76,almaz ayana
77,almaz ayana
78,almaz ayana
79,almaz ayana
80,almaz ayana
81,almaz ayana
82,elaine thompson
83,elaine thompson
84,elaine thompson
85,elaine thompson
86,elaine thompson
87,elaine thompson
88,elaine thompson
89,elaine thompson
90,simone manuel
91,simone manuel
92,simone manuel
93,simone manuel
94,simone manuel
95,simone manuel
96,simone manuel
97,simone manuel
98,risako kawai
99,risako kawai
100,risako kawai
101,risako kawai
102,risako kawai
103,risako kawai
104,risako kawai
105,risako kawai
106,michael jung
107,michael jung
108,michael jung
109,michael jung
110,piotr malachowski
111,piotr malachowski
112,piotr malachowski
113,piotr malachowski
114,piotr malachowski
115,piotr malachowski
116,piotr malachowski
117,piotr malachowski
118,marquinhos
119,marquinhos
120,marquinhos
121,marquinhos
122,marquinhos
123,marquinhos
124,marquinhos
125,marquinhos
126,marquinhos
127,marquinhos
128,mahe drysdale
129,mahe drysdale
130,mahe drysdale
131,mahe drysdale
132,mahe drysdale
133,mahe drysdale
134,mahe drysdale
135,hamish bond
136,hamish bond
137,hamish bond
138,hamish bond
139,hamish bond
140,hamish bond
141,hamish bond
142,hamish bond
143,hamish bond
144,hamish bond
145,tamas kenderesi
146,tamas kenderesi
147,tamas kenderesi
148,tamas kenderesi
149,tamas kenderesi
150,tamas kenderesi
151,tamas kenderesi
152,tamas kenderesi
153,justin gatlin
154,justin gatlin
155,justin gatlin
156,justin gatlin
157,justin gatlin
158,justin gatlin
159,justin gatlin
160,justin gatlin
161,lucie hradecka
162,lucie hradecka
163,lucie hradecka
164,lucie hradecka
165,lucie hradecka
166,lucie hradecka
167,lucie hradecka
168,lucie hradecka
169,lucie hradecka
170,lucie hradecka
171,eri tosaka
172,eri tosaka
173,eri tosaka
174,eri tosaka
175,eri tosaka
176,eri tosaka
177,eri tosaka
178,eri tosaka
179,eri tosaka
180,daniyar ismayilov
181,daniyar ismayilov
182,daniyar ismayilov
183,daniyar ismayilov
184,daniyar ismayilov
185,daniyar ismayilov
186,daniyar ismayilov
187,daniyar ismayilov
188,daniyar ismayilov
189,marc lopez
190,marc lopez
191,marc lopez
192,marc lopez
193,marc lopez
194,marc lopez
195,marc lopez
196,marc lopez
197,orlando ortega
198,orlando ortega
199,orlando ortega
200,orlando ortega
201,orlando ortega
202,orlando ortega
203,orlando ortega
204,eric murray
205,eric murray
206,eric murray
207,eric murray
208,eric murray
209,eric murray
210,eric murray
211,eric murray
212,eric murray
213,vladimer khinchegashvili
214,vladimer khinchegashvili
215,vladimer khinchegashvili
216,vladimer khinchegashvili
217,vladimer khinchegashvili
218,vladimer khinchegashvili
219,vladimer khinchegashvili
220,vladimer khinchegashvili
221,vladimer khinchegashvili
222,caleb paine
223,caleb paine
224,caleb paine
225,caleb paine
226,caleb paine
227,caleb paine
228,caleb paine
229,wei deng
230,wei deng
231,wei deng
232,wei deng
233,wei deng
234,wei deng
235,wei deng
236,wei deng
237,natalia madaj
238,natalia madaj
239,natalia madaj
240,natalia madaj
241,natalia madaj
242,natalia madaj
243,natalia madaj
244,natalia madaj
245,natalia madaj
246,natalia madaj
247,leah smith
248,leah smith
249,leah smith
250,leah smith
251,leah smith
252,leah smith
253,leah smith
254,leah smith
255,leah smith
256,leah smith
257,christian reitz
258,christian reitz
259,christian reitz
260,christian reitz
261,christian reitz
262,evgeny rylov
263,evgeny rylov
264,evgeny rylov
265,evgeny rylov
266,evgeny rylov
267,evgeny rylov
268,evgeny rylov
269,evgeny rylov
270,jun mizutani
271,jun mizutani
272,jun mizutani
273,jun mizutani
274,jun mizutani
275,jun mizutani
276,jun mizutani
277,jun mizutani
278,townley haas
279,townley haas
280,townley haas
281,townley haas
282,townley haas
283,townley haas
284,townley haas
285,townley haas
286,townley haas
287,townley haas
288,elena vesnina
289,elena vesnina
290,elena vesnina
291,elena vesnina
292,elena vesnina
293,elena vesnina
294,elena vesnina
295,elena vesnina
296,elena vesnina
297,elena vesnina
298,cecilia carranza saroli
299,cecilia carranza saroli
300,cecilia carranza saroli
301,cecilia carranza saroli
302,cecilia carranza saroli
303,cecilia carranza saroli
304,cecilia carranza saroli
305,cecilia carranza saroli
306,sara dosho
307,sara dosho
308,sara dosho
309,sara dosho
310,sara dosho
311,sara dosho
312,sara dosho
313,sara dosho
314,kerron clement
315,kerron clement
316,kerron clement
317,kerron clement
318,kerron clement
319,kerron clement
320,sopita tanasan
321,sopita tanasan
322,sopita tanasan
323,sopita tanasan
324,sopita tanasan
325,sopita tanasan
326,sopita tanasan
327,sopita tanasan
328,sopita tanasan
329,kira walkenhorst
330,kira walkenhorst
331,kira walkenhorst
332,kira walkenhorst
333,kira walkenhorst
334,kira walkenhorst
335,kira walkenhorst
336,kira walkenhorst
337,kira walkenhorst
338,dane bird-smith
339,dane bird-smith
340,dane bird-smith
341,dane bird-smith
342,dane bird-smith
343,dane bird-smith
344,dane bird-smith
345,dane bird-smith
346,dane bird-smith
347,dane bird-smith
348,ekaterini stefanidi
349,ekaterini stefanidi
350,ekaterini stefanidi
351,ekaterini stefanidi
352,ekaterini stefanidi
353,ekaterini stefanidi
354,ekaterini stefanidi
355,darya naumava
356,darya naumava
357,darya naumava
358,darya naumava
359,darya naumava
360,darya naumava
361,darya naumava
362,darya naumava
363,darya naumava
364,monica puig
365,monica puig
366,monica puig
367,monica puig
368,monica puig
369,monica puig
370,monica puig
371,monica puig
372,monica puig
373,monica puig
374,sohrab moradi
375,sohrab moradi
376,sohrab moradi
377,sohrab moradi
378,sohrab moradi
379,sohrab moradi
380,sohrab moradi
381,sohrab moradi
382,sohrab moradi
383,sohrab moradi
384,juan martin del potro
385,juan martin del potro
386,juan martin del potro
387,juan martin del potro
388,juan martin del potro
389,juan martin del potro
390,juan martin del potro
391,juan martin del potro
392,cristian toro
393,cristian toro
394,cristian toro
395,cristian toro
396,cristian toro
397,cristian toro
398,cristian toro
399,cristian toro
400,cristian toro
401,cristian toro
402,dafne schippers
403,dafne schippers
404,dafne schippers
405,dafne schippers
406,dafne schippers
407,dafne schippers
408,dafne schippers
409,dafne schippers
410,dafne schippers
411,dafne schippers
412,yuan cao
413,yuan cao
414,yuan cao
415,yuan cao
416,yuan cao
417,yuan cao
418,thomas rohler
419,thomas rohler
420,thomas rohler
421,thomas rohler
422,thomas rohler
423,thomas rohler
424,thomas rohler
425,thomas rohler
426,felipe almeida wu
427,felipe almeida wu
428,felipe almeida wu
429,felipe almeida wu
430,felipe almeida wu
431,felipe almeida wu
432,felipe almeida wu
433,felipe almeida wu
434,felipe almeida wu
435,ryan murphy
436,ryan murphy
437,ryan murphy
438,ryan murphy
439,ryan murphy
440,ryan murphy
441,ryan murphy
442,ryan murphy
443,ryan murphy
444,allyson felix
445,allyson felix
446,allyson felix
447,allyson felix
448,allyson felix
449,allyson felix
450,allyson felix
451,allyson felix
452,allyson felix
453,niccolo campriani
454,niccolo campriani
455,niccolo campriani
456,niccolo campriani
457,niccolo campriani
458,niccolo campriani
459,artur aleksanyan
460,artur aleksanyan
461,artur aleksanyan
462,artur aleksanyan
463,artur aleksanyan
464,artur aleksanyan
465,artur aleksanyan
466,pernille blume
467,pernille blume
468,pernille blume
469,pernille blume
470,pernille blume
471,pernille blume
472,pernille blume
473,pernille blume
474,pernille blume
475,andy murray
476,andy murray
477,andy murray
478,andy murray
479,andy murray
480,andy murray
481,andy murray
482,andy murray
483,andy murray
484,andy murray
485,mack horton
486,mack horton
487,mack horton
488,mack horton
489,mack horton
490,mack horton
491,mack horton
492,mack horton
493,mack horton
494,mack horton
495,mireia belmonte garcia
496,mireia belmonte garcia
497,mireia belmonte garcia
498,mireia belmonte garcia
499,mireia belmonte garcia
500,mireia belmonte garcia
501,mireia belmonte garcia
502,mireia belmonte garcia
503,ruth jebet
504,ruth jebet
505,ruth jebet
506,ruth jebet
507,ruth jebet
508,ruth jebet
509,ruth jebet
510,ruth jebet
511,ruth jebet
512,anna korakaki
513,anna korakaki
514,anna korakaki
515,anna korakaki
516,anna korakaki
517,anna korakaki
518,valent sinkovic
519,valent sinkovic
520,valent sinkovic
521,valent sinkovic
522,valent sinkovic
523,valent sinkovic
524,valent sinkovic
525,valent sinkovic
526,valent sinkovic
527,lawrence brittain
528,lawrence brittain
529,lawrence brittain
530,lawrence brittain
531,lawrence brittain
532,lawrence brittain
533,aliaksandra herasimenia
534,aliaksandra herasimenia
535,aliaksandra herasimenia
536,aliaksandra herasimenia
537,aliaksandra herasimenia
538,aliaksandra herasimenia
539,aliaksandra herasimenia
540,aliaksandra herasimenia
541,aliaksandra herasimenia
542,aliaksandra herasimenia
543,dorian van rijsselberghe
544,dorian van rijsselberghe
545,dorian van rijsselberghe
546,dorian van rijsselberghe
547,dorian van rijsselberghe
548,dorian van rijsselberghe
549,dorian van rijsselberghe
550,dorian van rijsselberghe
551,dorian van rijsselberghe
552,dorian van rijsselberghe
553,genzebe dibaba
554,genzebe dibaba
555,genzebe dibaba
556,genzebe dibaba
557,genzebe dibaba
558,genzebe dibaba
559,genzebe dibaba
560,genzebe dibaba
561,genzebe dibaba
562,kathleen baker
563,kathleen baker
564,kathleen baker
565,kathleen baker
566,kathleen baker
567,kathleen baker
568,kathleen baker
569,kathleen baker
570,kathleen baker
571,kathleen baker
572,katinka hosszu
573,katinka hosszu
574,katinka hosszu
575,katinka hosszu
576,katinka hosszu
577,katinka hosszu
578,katinka hosszu
579,katinka hosszu
580,rafael nadal
581,rafael nadal
582,rafael nadal
583,rafael nadal
584,rafael nadal
585,rafael nadal
586,damir martin
587,damir martin
588,damir martin
589,damir martin
590,damir martin
591,damir martin
592,damir martin
593,damir martin
594,jazz carlin
595,jazz carlin
596,jazz carlin
597,jazz carlin
598,jazz carlin
599,jazz carlin
600,jazz carlin
601,jazz carlin
602,jazz carlin
603,nils petersen
604,nils petersen
605,nils petersen
606,nils petersen
607,nils petersen
608,nils petersen
609,nils petersen
610,nils petersen
611,nils petersen
612,kylie masse
613,kylie masse
614,kylie masse
615,kylie masse
616,kylie masse
617,kylie masse
618,kylie masse
619,kylie masse
620,kylie masse
621,kylie masse
622,giles scott
623,giles scott
624,giles scott
625,giles scott
626,giles scott
627,giles scott
628,giles scott
629,giles scott
630,jike zhang
631,jike zhang
632,jike zhang
633,jike zhang
634,jike zhang
635,jike zhang
636,jike zhang
637,jike zhang
638,jike zhang
639,jike zhang
640,zelin cai
641,zelin cai
642,zelin cai
643,zelin cai
644,zelin cai
645,zelin cai
646,zelin cai
647,zelin cai
648,zelin cai
649,zelin cai
650,lilly king
651,lilly king
652,lilly king
653,lilly king
654,lilly king
655,lilly king
656,lilly king
657,lilly king
658,lilly king
659,siobhan-marie o'connor
660,siobhan-marie o'connor
661,siobhan-marie o'connor
662,siobhan-marie o'connor
663,siobhan-marie o'connor
664,siobhan-marie o'connor
665,siobhan-marie o'connor
666,siobhan-marie o'connor
667,siobhan-marie o'connor
668,siobhan-marie o'connor
669,nia ali
670,nia ali
671,nia ali
672,nia ali
673,nia ali
674,nia ali
675,nia ali
676,nia ali
677,sophie hitchon
678,sophie hitchon
679,sophie hitchon
680,sophie hitchon
681,sophie hitchon
682,sophie hitchon
683,sophie hitchon
684,sophie hitchon
685,sophie hitchon
686,wayde van niekerk
687,wayde van niekerk
688,wayde van niekerk
689,wayde van niekerk
690,wayde van niekerk
691,wayde van niekerk
692,wayde van niekerk
693,wayde van niekerk
694,wayde van niekerk
695,dmitriy balandin
696,dmitriy balandin
697,dmitriy balandin
698,dmitriy balandin
699,dmitriy balandin
700,dmitriy balandin
701,dmitriy balandin
702,kimberly rhode
703,kimberly rhode
704,kimberly rhode
705,kimberly rhode
706,kimberly rhode
707,kimberly rhode
708,kimberly rhode
709,charlotte dujardin
710,charlotte dujardin
711,charlotte dujardin
712,charlotte dujardin
713,shaunae miller
714,shaunae miller
715,shaunae miller
716,shaunae miller
717,shaunae miller
718,shaunae miller
719,shaunae miller
720,shaunae miller
721,shaunae miller
722,tori bowie
723,tori bowie
724,tori bowie
725,tori bowie
726,tori bowie
727,tori bowie
728,tori bowie
729,tori bowie
730,tori bowie
731,tori bowie
732,greg rutherford
733,greg rutherford
734,greg rutherford
735,greg rutherford
736,greg rutherford
737,greg rutherford
738,greg rutherford
739,greg rutherford
740,greg rutherford
741,greg rutherford
742,eko yuli irawan
743,eko yuli irawan
744,eko yuli irawan
745,eko yuli irawan
746,eko yuli irawan
747,eko yuli irawan
748,eko yuli irawan
749,eko yuli irawan
750,haby niare
751,haby niare
752,haby niare
753,haby niare
754,haby niare
755,haby niare
756,haby niare
757,haby niare
758,katie ledecky
759,katie ledecky
760,katie ledecky
761,katie ledecky
762,katie ledecky
763,katie ledecky
764,katie ledecky
765,katie ledecky
766,katie ledecky
767,gabriel barbosa
768,gabriel barbosa
769,gabriel barbosa
770,gabriel barbosa
771,gabriel barbosa
772,gabriel barbosa
773,gabriel barbosa
774,gabriel barbosa
775,gabriel barbosa
776,courtney okolo
777,courtney okolo
778,courtney okolo
779,courtney okolo
780,courtney okolo
781,courtney okolo
782,courtney okolo
783,courtney okolo
784,ondrej synek
785,ondrej synek
786,ondrej synek
787,ondrej synek
788,ondrej synek
789,ondrej synek
790,ondrej synek
791,ondrej synek
792,ondrej synek
793,ondrej synek
794,davor stefanek
795,davor stefanek
796,davor stefanek
797,davor stefanek
798,davor stefanek
799,davor stefanek
800,davor stefanek
801,gabriele rossetti
802,gabriele rossetti
803,gabriele rossetti
804,gabriele rossetti
805,gabriele rossetti
806,gabriele rossetti
807,gabriele rossetti
808,arman hall
809,arman hall
810,arman hall
811,arman hall
812,arman hall
813,arman hall
814,arman hall
815,qingquan long
816,qingquan long
817,qingquan long
818,qingquan long
819,qingquan long
820,qingquan long
821,qingquan long
822,qingquan long
823,qingquan long
824,qingquan long
825,astier nicolas
826,astier nicolas
827,astier nicolas
828,astier nicolas
829,astier nicolas
830,astier nicolas
831,astier nicolas
832,astier nicolas
833,ashton eaton
834,ashton eaton
835,ashton eaton
836,ashton eaton
837,ashton eaton
838,ashton eaton
839,ashton eaton
840,ashton eaton
841,aurimas didzbalis
842,aurimas didzbalis
843,aurimas didzbalis
844,aurimas didzbalis
845,aurimas didzbalis
846,aurimas didzbalis
847,aurimas didzbalis
848,aurimas didzbalis
849,venus williams
850,venus williams
851,venus williams
852,venus williams
853,venus williams
854,venus williams
855,venus williams
856,venus williams
857,shaun keeling
858,shaun keeling
859,shaun keeling
860,shaun keeling
861,shaun keeling
862,shaun keeling
863,shaun keeling
864,shaun keeling
865,bonchan ku
866,bonchan ku
867,bonchan ku
868,bonchan ku
869,bonchan ku
870,bonchan ku
871,bonchan ku
872,bonchan ku
873,bonchan ku
874,sri wahyuni agustiani
875,sri wahyuni agustiani
876,sri wahyuni agustiani
877,sri wahyuni agustiani
878,sri wahyuni agustiani
879,sri wahyuni agustiani
880,sri wahyuni agustiani
881,sri wahyuni agustiani
882,sukanya srisurat
883,sukanya srisurat
884,sukanya srisurat
885,sukanya srisurat
886,sukanya srisurat
887,sukanya srisurat
888,sukanya srisurat
889,sukanya srisurat
890,english gardner
891,english gardner
892,english gardner
893,english gardner
894,english gardner
895,english gardner
896,english gardner
897,english gardner
898,english gardner
899,english gardner
900,alison cerutti
901,alison cerutti
902,alison cerutti
903,alison cerutti
904,alison cerutti
905,alison cerutti
906,alison cerutti
907,alison cerutti
908,alison cerutti
909,nijat rahimov
910,nijat rahimov
911,nijat rahimov
912,nijat rahimov
913,nijat rahimov
914,nijat rahimov
915,nijat rahimov
916,penny oleksiak
917,penny oleksiak
918,penny oleksiak
919,penny oleksiak
920,penny oleksiak
921,penny oleksiak
922,penny oleksiak
923,penny oleksiak
924,penny oleksiak
925,penny oleksiak
926,caster semenya
927,caster semenya
928,caster semenya
929,caster semenya
930,caster semenya
931,caster semenya
932,caster semenya
933,caster semenya
934,caster semenya
935,caster semenya
936,rajeev ram
937,rajeev ram
938,rajeev ram
939,rajeev ram
940,rajeev ram
941,rajeev ram
942,rajeev ram
943,rajeev ram
944,marcus gross
945,marcus gross
946,marcus gross
947,marcus gross
948,marcus gross
949,marcus gross
950,marcus gross
951,marcus gross
952,marcus gross
953,marcus gross
954,brittney reese
955,brittney reese
956,brittney reese
957,brittney reese
958,brittney reese
959,brittney reese
960,brittney reese
961,brittney reese
962,chris mears
963,chris mears
964,chris mears
965,chris mears
966,chris mears
967,chris mears
968,chris mears
969,chris mears
970,santiago lange
971,santiago lange
972,santiago lange
973,santiago lange
974,santiago lange
975,santiago lange
976,santiago lange
977,santiago lange
978,kaori icho
979,kaori icho
980,kaori icho
981,kaori icho
982,kaori icho
983,kaori icho
984,kaori icho
985,kaori icho
986,kianoush rostami
987,kianoush rostami
988,kianoush rostami
989,kianoush rostami
990,kianoush rostami
991,kianoush rostami
992,kianoush rostami
993,kianoush rostami
994,kianoush rostami
995,kianoush rostami
996,suping meng
997,suping meng
998,suping meng
999,suping meng
1000,suping meng
1001,suping meng
1002,suping meng
1003,isabell werth
1004,vadzim straltsou
1005,vadzim straltsou
1006,vadzim straltsou
1007,vadzim straltsou
1008,vadzim straltsou
1009,vadzim straltsou
1010,vadzim straltsou
1011,vadzim straltsou
1012,vadzim straltsou
1013,dana vollmer
1014,dana vollmer
1015,dana vollmer
1016,dana vollmer
1017,dana vollmer
1018,dana vollmer
1019,dana vollmer
1020,dana vollmer
1021,dana vollmer
1022,dana vollmer
1023,christian taylor
1024,christian taylor
1025,christian taylor
1026,christian taylor
1027,christian taylor
1028,christian taylor
1029,christian taylor
1030,christian taylor
1031,christian taylor
1032,christian taylor
1033,angelique kerber
1034,angelique kerber
1035,angelique kerber
1036,angelique kerber
1037,angelique kerber
1038,angelique kerber
1039,angelique kerber
1040,angelique kerber
1041,angelique kerber
1042,angelique kerber
1043,ryan lochte
1044,ryan lochte
1045,ryan lochte
1046,ryan lochte
1047,ryan lochte
1048,ryan lochte
1049,ryan lochte
1050,ryan lochte
1051,ryan lochte
1052,ryan lochte
1053,mutaz essa barshim
1054,mutaz essa barshim
1055,mutaz essa barshim
1056,mutaz essa barshim
1057,mutaz essa barshim
1058,hilary caldwell
1059,hilary caldwell
1060,hilary caldwell
1061,hilary caldwell
1062,hilary caldwell
1063,hilary caldwell
1064,hilary caldwell
1065,hilary caldwell
1066,hilary caldwell
1067,gwen jorgensen
1068,gwen jorgensen
1069,gwen jorgensen
1070,gwen jorgensen
1071,gwen jorgensen
1072,gwen jorgensen
1073,gwen jorgensen
1074,ekaterina makarova
1075,ekaterina makarova
1076,ekaterina makarova
1077,ekaterina makarova
1078,ekaterina makarova
1079,ekaterina makarova
1080,ekaterina makarova
1081,florent manaudou
1082,florent manaudou
1083,florent manaudou
1084,florent manaudou
1085,florent manaudou
1086,florent manaudou
1087,florent manaudou
1088,florent manaudou
1089,florent manaudou
1090,florent manaudou
1091,conor dwyer
1092,conor dwyer
1093,conor dwyer
1094,conor dwyer
1095,conor dwyer
1096,conor dwyer
1097,conor dwyer
1098,conor dwyer
1099,conor dwyer
1100,conor dwyer
1101,derek drouin
1102,derek drouin
1103,derek drouin
1104,derek drouin
1105,derek drouin
1106,derek drouin
1107,derek drouin
1108,derek drouin
1109,derek drouin
1110,derek drouin
1111,nathan adrian
1112,nathan adrian
1113,nathan adrian
1114,nathan adrian
1115,nathan adrian
1116,nathan adrian
1117,nathan adrian
1118,nathan adrian
1119,nathan adrian
1120,nathan adrian
1121,irakli turmanidze
1122,irakli turmanidze
1123,irakli turmanidze
1124,irakli turmanidze
1125,irakli turmanidze
1126,irakli turmanidze
1127,irakli turmanidze
1128,irakli turmanidze
1129,omar mcleod
1130,omar mcleod
1131,omar mcleod
1132,omar mcleod
1133,omar mcleod
1134,omar mcleod
1135,omar mcleod
1136,omar mcleod
1137,kosuke hagino
1138,kosuke hagino
1139,kosuke hagino
1140,kosuke hagino
1141,kosuke hagino
1142,kosuke hagino
1143,kosuke hagino
1144,kosuke hagino
1145,taha akgul
1146,taha akgul
1147,taha akgul
1148,taha akgul
1149,taha akgul
1150,taha akgul
1151,taha akgul
1152,taha akgul
1153,ilse paulis
1154,ilse paulis
1155,ilse paulis
1156,ilse paulis
1157,ilse paulis
1158,ilse paulis
1159,ilse paulis
1160,ilse paulis
1161,ilse paulis
1162,edward ling
1163,edward ling
1164,edward ling
1165,edward ling
1166,edward ling
1167,edward ling
1168,edward ling
1169,edward ling
1170,ryan held
1171,ryan held
1172,ryan held
1173,ryan held
1174,ryan held
1175,ryan held
1176,ryan held
1177,ryan held
1178,ryan held
1179,ryan held
1180,lucy davis
1181,lucy davis
1182,lucy davis
1183,lucy davis
1184,lucy davis
1185,lucy davis
1186,lucy davis
1187,lucy davis
1188,lucy davis
1189,lucy davis
1190,minxia wu
1191,minxia wu
1192,minxia wu
1193,minxia wu
1194,minxia wu
1195,minxia wu
1196,minxia wu
1197,minxia wu
1198,minxia wu
1199,jonathan brownlee
1200,jonathan brownlee
1201,jonathan brownlee
1202,jonathan brownlee
1203,jonathan brownlee
1204,jonathan brownlee
1205,jonathan brownlee
1206,jonathan brownlee
1207,jonathan brownlee
1208,jonathan brownlee
1209,vasilij zbogar
1210,vasilij zbogar
1211,vasilij zbogar
1212,vasilij zbogar
1213,vasilij zbogar
1214,vasilij zbogar
1215,vasilij zbogar
1216,vasilij zbogar
1217,vasilij zbogar
1218,vasilij zbogar
1219,steve johnson
1220,steve johnson
1221,steve johnson
1222,steve johnson
1223,steve johnson
1224,steve johnson
1225,rie kaneto
1226,rie kaneto
1227,rie kaneto
1228,rie kaneto
1229,rie kaneto
1230,rie kaneto
1231,rie kaneto
1232,rie kaneto
1233,rie kaneto
1234,charline picon
1235,charline picon
1236,charline picon
1237,charline picon
1238,charline picon
1239,charline picon
1240,charline picon
1241,charline picon
1242,charline picon
1243,yanan sun
1244,yanan sun
1245,yanan sun
1246,yanan sun
1247,yanan sun
1248,yanan sun
1249,yanan sun
1250,yanan sun
1251,yanan sun
1252,zhazira zhapparkul
1253,zhazira zhapparkul
1254,zhazira zhapparkul
1255,zhazira zhapparkul
1256,zhazira zhapparkul
1257,zhazira zhapparkul
1258,zhazira zhapparkul
1259,zhazira zhapparkul
1260,zhazira zhapparkul
1261,conseslus kipruto
1262,conseslus kipruto
1263,conseslus kipruto
1264,conseslus kipruto
1265,conseslus kipruto
1266,christophe lemaitre
1267,christophe lemaitre
1268,christophe lemaitre
1269,christophe lemaitre
1270,christophe lemaitre
1271,christophe lemaitre
1272,christophe lemaitre
1273,christophe lemaitre
1274,christophe lemaitre
1275,christophe lemaitre
1276,tony mcquay
1277,tony mcquay
1278,tony mcquay
1279,tony mcquay
1280,tony mcquay
1281,tony mcquay
1282,tony mcquay
1283,luvo manyonga
1284,luvo manyonga
1285,luvo manyonga
1286,luvo manyonga
1287,luvo manyonga
1288,woojin kim
1289,woojin kim
1290,woojin kim
1291,woojin kim
1292,woojin kim
1293,woojin kim
1294,woojin kim
1295,riza kayaalp
1296,riza kayaalp
1297,riza kayaalp
1298,riza kayaalp
1299,riza kayaalp
1300,riza kayaalp
1301,riza kayaalp
1302,riza kayaalp
1303,riza kayaalp
1304,brianna rollins
1305,brianna rollins
1306,brianna rollins
1307,brianna rollins
1308,brianna rollins
1309,brianna rollins
1310,brianna rollins
1311,brianna rollins
1312,brianna rollins
1313,brianna rollins
1314,dilshod nazarov
1315,dilshod nazarov
1316,dilshod nazarov
1317,dilshod nazarov
1318,dilshod nazarov
1319,dilshod nazarov
1320,dilshod nazarov
1321,dilshod nazarov
1322,aisen chen
1323,aisen chen
1324,aisen chen
1325,aisen chen
1326,aisen chen
1327,aisen chen
1328,aisen chen
1329,aisen chen
1330,aisen chen
1331,elmira syzdykova
1332,elmira syzdykova
1333,elmira syzdykova
1334,elmira syzdykova
1335,elmira syzdykova
1336,elmira syzdykova
1337,elmira syzdykova
1338,elmira syzdykova
1339,elmira syzdykova
1340,elmira syzdykova
1341,mariya stadnik
1342,mariya stadnik
1343,mariya stadnik
1344,mariya stadnik
1345,mariya stadnik
1346,mariya stadnik
1347,mariya stadnik
1348,mariya stadnik
1349,saul craviotto
1350,saul craviotto
1351,saul craviotto
1352,saul craviotto
1353,saul craviotto
1354,saul craviotto
1355,saul craviotto
1356,saul craviotto
1357,saul craviotto
1358,gor minasyan
1359,gor minasyan
1360,gor minasyan
1361,gor minasyan
1362,gor minasyan
1363,gor minasyan
1364,gor minasyan
1365,gor minasyan
1366,gor minasyan
1367,gor minasyan
1368,zhen wang
1369,zhen wang
1370,zhen wang
1371,zhen wang
1372,zhen wang
1373,zhen wang
1374,zhen wang
1375,zhen wang
1376,zhen wang
1377,zhen wang
1378,huixia liu
1379,huixia liu
1380,huixia liu
1381,huixia liu
1382,huixia liu
1383,huixia liu
1384,huixia liu
1385,huixia liu
1386,huixia liu
1387,huixia liu
1388,hiromi miyake
1389,hiromi miyake
1390,hiromi miyake
1391,hiromi miyake
1392,hiromi miyake
1393,hiromi miyake
1394,hiromi miyake
1395,hiromi miyake
1396,hiromi miyake
1397,chloe esposito
1398,chloe esposito
1399,chloe esposito
1400,chloe esposito
1401,chloe esposito
1402,chloe esposito
1403,chloe esposito
1404,chloe esposito
1405,chloe esposito
1406,laura ludwig
1407,laura ludwig
1408,laura ludwig
1409,laura ludwig
1410,laura ludwig
1411,laura ludwig
1412,laura ludwig
1413,laura ludwig
1414,jade jones
1415,jade jones
1416,jade jones
1417,jade jones
1418,jade jones
1419,jade jones
1420,jade jones
1421,jade jones
1422,jade jones
1423,jade jones
1424,andre de grasse
1425,andre de grasse
1426,andre de grasse
1427,andre de grasse
1428,andre de grasse
1429,andre de grasse
1430,andre de grasse
1431,andre de grasse
1432,andre de grasse
1433,tingmao shi
1434,tingmao shi
1435,tingmao shi
1436,tingmao shi
1437,tingmao shi
1438,tingmao shi
1439,tingmao shi
1440,tingmao shi
1441,tingmao shi
1442,lutalo muhammad
1443,lutalo muhammad
1444,lutalo muhammad
1445,lutalo muhammad
1446,lutalo muhammad
1447,lutalo muhammad
1448,lutalo muhammad
1449,lutalo muhammad
1450,lutalo muhammad
1451,lutalo muhammad
1452,ivana spanovic
1453,ivana spanovic
1454,ivana spanovic
1455,ivana spanovic
1456,ivana spanovic
1457,ivana spanovic
1458,ivana spanovic
1459,ivana spanovic
1460,ivana spanovic
1461,laszlo cseh
1462,laszlo cseh
1463,laszlo cseh
1464,laszlo cseh
1465,laszlo cseh
1466,gil roberts
1467,gil roberts
1468,gil roberts
1469,gil roberts
1470,gil roberts
1471,gil roberts
1472,gil roberts
1473,sakshi malik
1474,sakshi malik
1475,sakshi malik
1476,sakshi malik
1477,sakshi malik
1478,sakshi malik
1479,sakshi malik
1480,sakshi malik
1481,sakshi malik
1482,kristi castlin
1483,kristi castlin
1484,kristi castlin
1485,kristi castlin
1486,kristi castlin
1487,kristi castlin
1488,kristi castlin
1489,kristi castlin
1490,kristi castlin
1491,kristi castlin
1492,sabah shariati
1493,sabah shariati
1494,sabah shariati
1495,sabah shariati
1496,usain bolt
1497,usain bolt
1498,usain bolt
1499,usain bolt
1500,usain bolt
1501,yanmei xiang
1502,yanmei xiang
1503,yanmei xiang
1504,yanmei xiang
1505,yanmei xiang
1506,yanmei xiang
1507,yanmei xiang
1508,yanmei xiang
1509,yanmei xiang
1510,abdulrashid sadulaev
1511,abdulrashid sadulaev
1512,abdulrashid sadulaev
1513,abdulrashid sadulaev
1514,abdulrashid sadulaev
1515,abdulrashid sadulaev
1516,abdulrashid sadulaev
1517,michelle carter
1518,michelle carter
1519,michelle carter
1520,michelle carter
1521,michelle carter
1522,michelle carter
1523,michelle carter
1524,michelle carter
1525,michelle carter
1526,michelle carter
1527,svetlana romashina
1528,svetlana romashina
1529,svetlana romashina
1530,svetlana romashina
1531,svetlana romashina
1532,svetlana romashina
1533,svetlana romashina
1534,svetlana romashina
1535,svetlana romashina
1536,svetlana romashina
1537,masato sakai
1538,masato sakai
1539,masato sakai
1540,masato sakai
1541,masato sakai
1542,masato sakai
1543,masato sakai
1544,masato sakai
1545,masato sakai
1546,cody miller
1547,cody miller
1548,cody miller
1549,cody miller
1550,cody miller
1551,cody miller
1552,cody miller
1553,pimsiri sirikaew
1554,pimsiri sirikaew
1555,pimsiri sirikaew
1556,pimsiri sirikaew
1557,pimsiri sirikaew
1558,pimsiri sirikaew
1559,pimsiri sirikaew
1560,pimsiri sirikaew
1561,pimsiri sirikaew
1562,pimsiri sirikaew
1563,kimberley brennan
1564,kimberley brennan
1565,kimberley brennan
1566,kimberley brennan
1567,kimberley brennan
1568,kimberley brennan
1569,kimberley brennan
1570,shun wang
1571,shun wang
1572,shun wang
1573,shun wang
1574,shun wang
1575,shun wang
1576,shun wang
1577,shun wang
1578,shun wang
1579,shun wang
1580,saori yoshida
1581,saori yoshida
1582,saori yoshida
1583,saori yoshida
1584,saori yoshida
1585,saori yoshida
1586,saori yoshida
1587,saori yoshida
1588,yun chol om
1589,yun chol om
1590,yun chol om
1591,yun chol om
1592,yun chol om
1593,yun chol om
1594,yun chol om
1595,yun chol om
1596,barbara engleder
1597,barbara engleder
1598,barbara engleder
1599,barbara engleder
1600,barbara engleder
1601,joseph schooling
1602,joseph schooling
1603,joseph schooling
1604,joseph schooling
1605,joseph schooling
1606,joseph schooling
1607,joseph schooling
1608,joseph schooling
1609,joseph schooling
1610,joseph schooling
1611,annalise murphy
1612,annalise murphy
1613,annalise murphy
1614,annalise murphy
1615,annalise murphy
1616,annalise murphy
1617,annalise murphy
1618,annalise murphy
1619,annalise murphy
1620,jennifer simpson
1621,jennifer simpson
1622,jennifer simpson
1623,jennifer simpson
1624,jennifer simpson
1625,jennifer simpson
1626,jennifer simpson
1627,jennifer simpson
1628,jennifer simpson
1629,jack laugher
1630,jack laugher
1631,jack laugher
1632,jack laugher
1633,jack laugher
1634,jack laugher
1635,janine beckie
1636,janine beckie
1637,janine beckie
1638,janine beckie
1639,janine beckie
1640,janine beckie
1641,janine beckie
1642,janine beckie
1643,janine beckie
1644,janine beckie
1645,lasha talakhadze
1646,lasha talakhadze
1647,lasha talakhadze
1648,lasha talakhadze
1649,lasha talakhadze
1650,lasha talakhadze
1651,lasha talakhadze
1652,lasha talakhadze
1653,lasha talakhadze
1654,alexey denisenko
1655,alexey denisenko
1656,alexey denisenko
1657,alexey denisenko
1658,alexey denisenko
1659,alexey denisenko
1660,alexey denisenko
1661,alexey denisenko
1662,alexey denisenko
1663,lashawn merritt
1664,lashawn merritt
1665,lashawn merritt
1666,lashawn merritt
1667,lashawn merritt
1668,lashawn merritt
1669,lashawn merritt
1670,lashawn merritt
1671,max rendschmidt
1672,max rendschmidt
1673,max rendschmidt
1674,max rendschmidt
1675,max rendschmidt
1676,max rendschmidt
1677,ahmad abughaush
1678,ahmad abughaush
1679,ahmad abughaush
1680,ahmad abughaush
1681,ahmad abughaush
1682,ahmad abughaush
1683,ahmad abughaush
1684,ahmad abughaush
1685,sandra perkovic
1686,sandra perkovic
1687,sandra perkovic
1688,sandra perkovic
1689,sandra perkovic
1690,sandra perkovic
1691,sandra perkovic
1692,sandra perkovic
1693,sandra perkovic
1694,brady ellison
1695,brady ellison
1696,brady ellison
1697,brady ellison
1698,brady ellison
1699,brady ellison
1700,brady ellison
1701,sara kolak
1702,sara kolak
1703,sara kolak
1704,sara kolak
1705,sara kolak
1706,sara kolak
1707,sara kolak
1708,sara kolak
1709,ryan crouser
1710,ryan crouser
1711,ryan crouser
1712,ryan crouser
1713,ryan crouser
1714,ryan crouser
1715,ryan crouser
1716,anthony ervin
1717,anthony ervin
1718,anthony ervin
1719,anthony ervin
1720,anthony ervin
1721,anthony ervin
1722,anthony ervin
1723,anthony ervin
1724,natasha hastings
1725,natasha hastings
1726,natasha hastings
1727,natasha hastings
1728,natasha hastings
1729,natasha hastings
1730,natasha hastings
1731,natasha hastings
1732,natasha hastings
1733,natasha hastings
1734,hidilyn diaz
1735,hidilyn diaz
1736,hidilyn diaz
1737,hidilyn diaz
1738,hidilyn diaz
1739,hidilyn diaz
1740,hidilyn diaz
1741,hidilyn diaz
1742,hidilyn diaz
1743,adam peaty
1744,adam peaty
1745,adam peaty
1746,adam peaty
1747,adam peaty
1748,adam peaty
1749,caeleb dressel
1750,caeleb dressel
1751,caeleb dressel
1752,caeleb dressel
1753,caeleb dressel
1754,caeleb dressel
1755,caeleb dressel
1756,caeleb dressel
1757,neymar
1758,neymar
1759,neymar
1760,neymar
1761,neymar
1762,neymar
1763,neymar
1764,neymar
1765,neymar
1766,neymar
1767,hyvin kiyeng jepkemoi
1768,hyvin kiyeng jepkemoi
1769,hyvin kiyeng jepkemoi
1770,hyvin kiyeng jepkemoi
1771,hyvin kiyeng jepkemoi
1772,hyvin kiyeng jepkemoi
1773,hyvin kiyeng jepkemoi
1774,hyvin kiyeng jepkemoi
1775,hyvin kiyeng jepkemoi
1776,mengxue zhang
1777,mengxue zhang
1778,mengxue zhang
1779,migran arutyunyan
1780,migran arutyunyan
1781,migran arutyunyan
1782,migran arutyunyan
1783,migran arutyunyan
1784,migran arutyunyan
1785,eva calvo gomez
1786,eva calvo gomez
1787,eva calvo gomez
1788,eva calvo gomez
1789,eva calvo gomez
1790,eva calvo gomez
1791,eva calvo gomez
1792,eva calvo gomez
1793,ruolin chen
1794,ruolin chen
1795,ruolin chen
1796,ruolin chen
1797,ruolin chen
1798,ruolin chen
1799,ruolin chen
1800,ruolin chen
1801,ruolin chen
1802,ruolin chen
1803,natalia ishchenko
1804,natalia ishchenko
1805,natalia ishchenko
1806,natalia ishchenko
1807,natalia ishchenko
1808,natalia ishchenko
1809,natalia ishchenko
1810,natalia ishchenko
1811,natalia ishchenko
1812,sarah sjostrom
1813,sarah sjostrom
1814,sarah sjostrom
1815,sarah sjostrom
1816,sarah sjostrom
1817,sarah sjostrom
1818,sarah sjostrom
1819,sarah sjostrom
1820,sarah sjostrom
1821,diana bacosi
1822,diana bacosi
1823,diana bacosi
1824,diana bacosi
1825,diana bacosi
1826,diana bacosi
1827,diana bacosi
1828,henri junghaenel
1829,henri junghaenel
1830,henri junghaenel
1831,long ma
1832,long ma
1833,long ma
1834,long ma
1835,long ma
1836,long ma
1837,long ma
1838,long ma
1839,hyejin chang
1840,hyejin chang
1841,hyejin chang
1842,hyejin chang
1843,hyejin chang
1844,hyejin chang
1845,hyejin chang
1846,hyejin chang
1847,zhiyong shi
1848,zhiyong shi
1849,zhiyong shi
1850,zhiyong shi
1851,zhiyong shi
1852,zhiyong shi
1853,zhiyong shi
1854,zhiyong shi
1855,zhiyong shi
1856,radik isaev
1857,radik isaev
1858,radik isaev
1859,radik isaev
1860,radik isaev
1861,radik isaev
1862,radik isaev
1863,radik isaev
1864,radik isaev
1865,radik isaev
1866,gabriel jesus
1867,gabriel jesus
1868,gabriel jesus
1869,gabriel jesus
1870,gabriel jesus
1871,gabriel jesus
1872,gabriel jesus
1873,gabriel jesus
1874,dimitri bascou
1875,dimitri bascou
1876,dimitri bascou
1877,dimitri bascou
1878,dimitri bascou
1879,dimitri bascou
1880,lisa unruh
1881,lisa unruh
1882,lisa unruh
1883,lisa unruh
1884,lisa unruh
1885,lisa unruh
1886,maaike head
1887,maaike head
1888,maaike head
1889,maaike head
1890,maaike head
1891,maaike head
1892,maaike head
1893,marit bouwmeester
1894,marit bouwmeester
1895,marit bouwmeester
1896,marit bouwmeester
1897,marit bouwmeester
1898,marit bouwmeester
1899,marit bouwmeester
1900,weverton
1901,weverton
1902,weverton
1903,weverton
1904,weverton
1905,weverton
1906,weverton
1907,weverton
1908,weverton
1909,weverton
1910,michael phelps
1911,michael phelps
1912,michael phelps
1913,michael phelps
1914,michael phelps
1915,michael phelps
1916,michael phelps
1917,michael phelps
1918,michael phelps
1919,tianna bartoletta
1920,tianna bartoletta
1921,tianna bartoletta
1922,tianna bartoletta
1923,tianna bartoletta
1924,tianna bartoletta
1925,tianna bartoletta
1926,tianna bartoletta
1927,tianna bartoletta
1928,marwa amri
1929,marwa amri
1930,marwa amri
1931,marwa amri
1932,marwa amri
1933,marwa amri
1934,marwa amri
1935,yue lin
1936,yue lin
1937,yue lin
1938,yue lin
1939,yue lin
1940,yue lin
1941,yue lin
1942,yue lin
1943,yue lin
1944,phyllis francis
1945,phyllis francis
1946,phyllis francis
1947,phyllis francis
1948,phyllis francis
1949,phyllis francis
1950,phyllis francis
1951,phyllis francis
1952,phyllis francis
1953,phyllis francis
1954,mijain lopez nunez
1955,mijain lopez nunez
1956,mijain lopez nunez
1957,mijain lopez nunez
1958,mijain lopez nunez
1959,mijain lopez nunez
1960,mijain lopez nunez
1961,mijain lopez nunez
1962,mijain lopez nunez
1963,kyle chalmers
1964,kyle chalmers
1965,kyle chalmers
1966,kyle chalmers
1967,kyle chalmers
1968,kyle chalmers
1969,kyle chalmers
1970,kyle chalmers
1971,kyle chalmers
1972,tawin hanprab
1973,tawin hanprab
1974,tawin hanprab
1975,tawin hanprab
1976,tawin hanprab
1977,tawin hanprab
1978,tawin hanprab
1979,tawin hanprab
1980,fehaid aldeehani
1981,fehaid aldeehani
1982,fehaid aldeehani
1983,fehaid aldeehani
1984,fehaid aldeehani
1985,fehaid aldeehani
1986,fehaid aldeehani
1987,catherine skinner
1988,catherine skinner
1989,catherine skinner
1990,catherine skinner
1991,catherine skinner
1992,catherine skinner
1993,catherine skinner
1994,catherine skinner
1995,catherine skinner
1996,jongoh jin
1997,jongoh jin
1998,jongoh jin
1999,jongoh jin
2000,jongoh jin
2001,jongoh jin
2002,jongoh jin
2003,jack sock
2004,jack sock
2005,jack sock
2006,jack sock
2007,jack sock
2008,jack sock
2009,jack sock
2010,jack sock
2011,jack sock
2012,gabriele detti
2013,gabriele detti
2014,gabriele detti
2015,gabriele detti
2016,gabriele detti
2017,gabriele detti
2018,gabriele detti
2019,gabriele detti
