https://www.youtube.com/watch?v=FosQ4LvC9lI,golf
https://www.youtube.com/watch?v=fveYscn0PdI,diving
https://www.youtube.com/watch?v=fxfgB20Cnjw,swimming
https://www.youtube.com/watch?v=g_XMVF5KQuY,rowing
https://www.youtube.com/watch?v=G6SvPEVdKjg,sailing
https://www.youtube.com/watch?v=g6yDJ-e4DKk,wrestling
https://www.youtube.com/watch?v=GAqz5XoUXn8,tennis
https://www.youtube.com/watch?v=gdAQP850hh8,wrestling
https://www.youtube.com/watch?v=gh9u6Uvse3g,swimming
https://www.youtube.com/watch?v=gogIZALj7WY,equestrian
https://www.youtube.com/watch?v=gqDPTbf_7yg,golf
https://www.youtube.com/watch?v=GUl7UqbL3uc,weightlifting
https://www.youtube.com/watch?v=Gvnh8xuxla0,taekwondo
https://www.youtube.com/watch?v=HDQgx6bHkk8,golf
https://www.youtube.com/watch?v=hiKAw3Nyxbw,boxe
https://www.youtube.com/watch?v=hjvLY1fABVA,sailing
https://www.youtube.com/watch?v=i1PpX1IOcIs,weightlifting
https://www.youtube.com/watch?v=IAvE0WFy0mg,athletics
https://www.youtube.com/watch?v=inOerF1l_7g,tennis
https://www.youtube.com/watch?v=IowV5PCn9Kk,golf
https://www.youtube.com/watch?v=iQHinZ2_Y_A,athletics
https://www.youtube.com/watch?v=J2pTuIj1AY8,fencing
https://www.youtube.com/watch?v=J3TljNlN4P4,sailing
https://www.youtube.com/watch?v=J80kJAb7vD8,golf
https://www.youtube.com/watch?v=jaZWsU7Zjvw,weightlifting
https://www.youtube.com/watch?v=JbkLmogLGHA,wrestling
https://www.youtube.com/watch?v=jkeAPV-8ZBA,rowing
https://www.youtube.com/watch?v=JnZ_VpSl3SY,wrestling
https://www.youtube.com/watch?v=jwSybkk_EWk,athletics
https://www.youtube.com/watch?v=jxBsCOi4K5A,golf
https://www.youtube.com/watch?v=JyKDtGcBydo,sailing
https://www.youtube.com/watch?v=jzmF0ZAIHG8,equestrian
https://www.youtube.com/watch?v=K0Vu5jpePFs,taekwondo
https://www.youtube.com/watch?v=K5nDSKJFd2c,golf
https://www.youtube.com/watch?v=KBp8pR6sWKg,swimming
https://www.youtube.com/watch?v=kbz1_6xOpxk,swimming
https://www.youtube.com/watch?v=Km4fGBbzyxk,sailing
https://www.youtube.com/watch?v=KSQuFo7SyPc,weightlifting
https://www.youtube.com/watch?v=L32ViJvF1cw,taekwondo
https://www.youtube.com/watch?v=LAbRqrAK4kY,golf
https://www.youtube.com/watch?v=LafQDQ6-pzE,wrestling
https://www.youtube.com/watch?v=LDXVnbw-uX8,wrestling
https://www.youtube.com/watch?v=LhpsgZJnSy0,golf
https://www.youtube.com/watch?v=LMylkVq7Lg4,swimming
https://www.youtube.com/watch?v=lR3BX9OBcDs,fencing
https://www.youtube.com/watch?v=lrdMRRyOrlc,fencing
https://www.youtube.com/watch?v=LRM7ItlsJws,rowing
https://www.youtube.com/watch?v=LThqKajuQBs,athletics
https://www.youtube.com/watch?v=lWiWIHY4gts,rowing
https://www.youtube.com/watch?v=LZdsceNTJZ4,wrestling
https://www.youtube.com/watch?v=m_Hkl-h7p8I,equestrian
https://www.youtube.com/watch?v=MF-sz9ez46E,boxe
https://www.youtube.com/watch?v=MiYLO1iNVXA,boxe
https://www.youtube.com/watch?v=MQhBjDbMdqw,sailing
https://www.youtube.com/watch?v=mRkfaG38t7Y,weightlifting
https://www.youtube.com/watch?v=mw1TpOwD20U,fencing
https://www.youtube.com/watch?v=MwQTeFD0OKQ,weightlifting
https://www.youtube.com/watch?v=MZP4eAcJBJA,swimming
https://www.youtube.com/watch?v=N64UyqvMRFM,rowing
https://www.youtube.com/watch?v=N7Mkr6yX4tA,diving
https://www.youtube.com/watch?v=N8TYlGrAGxU,fencing
https://www.youtube.com/watch?v=NKyd43C_E6M,boxe
https://www.youtube.com/watch?v=nrAKm40n4Xk,equestrian
https://www.youtube.com/watch?v=NRjYfl1IVhw,athletics
https://www.youtube.com/watch?v=NzrwE5IHwnY,fencing
https://www.youtube.com/watch?v=o4YPe1AwR-Q,taekwondo
https://www.youtube.com/watch?v=OA9g21oyHtU,golf
https://www.youtube.com/watch?v=OepRR_02q3g,weightlifting
https://www.youtube.com/watch?v=oG9ej-7SURE,equestrian
https://www.youtube.com/watch?v=OGAXjUotZSM,fencing
https://www.youtube.com/watch?v=Osq-lwEb4WA,equestrian
https://www.youtube.com/watch?v=OwDaZd5r2JY,swimming
https://www.youtube.com/watch?v=P08RwwukftI,fencing
https://www.youtube.com/watch?v=PA_onuduC6E,boxe
https://www.youtube.com/watch?v=PaUPUpBPbSA,weightlifting
https://www.youtube.com/watch?v=pBO5ajZsX9M,taekwondo
https://www.youtube.com/watch?v=PGBvJX56nxg,taekwondo
https://www.youtube.com/watch?v=PSLNJCT00JI,equestrian
https://www.youtube.com/watch?v=Q_jgvD6yP1U,rowing
https://www.youtube.com/watch?v=q_PO5bpoGdo,taekwondo
https://www.youtube.com/watch?v=qethDvgNsP4,equestrian
https://www.youtube.com/watch?v=qh5qHDDT1CU,taekwondo
https://www.youtube.com/watch?v=R_jM7slqbR4,diving
https://www.youtube.com/watch?v=R3IWG0SvdSs,rowing
https://www.youtube.com/watch?v=r4CT-qaaH1I,rowing
https://www.youtube.com/watch?v=rbScsS07kP0,wrestling
https://www.youtube.com/watch?v=RCMHZ6UStUM,boxe
https://www.youtube.com/watch?v=RdFFoaKThKE,diving
https://www.youtube.com/watch?v=RmVejfqDWL0,wrestling
https://www.youtube.com/watch?v=rOMDOhunUJE,sailing
