https://www.youtube.com/watch?v=_CUwd1KFW14,wrestling
https://www.youtube.com/watch?v=-8gYfU5kxCw,sailing
https://www.youtube.com/watch?v=-DC-Tu9Lyrc,taekwondo
https://www.youtube.com/watch?v=-EFVMBUDYG8,equestrian
https://www.youtube.com/watch?v=-O_zfPXdEdE,rowing
https://www.youtube.com/watch?v=0dClnCXqJDg,rowing
https://www.youtube.com/watch?v=0eTzhxOvf2w,tennis
https://www.youtube.com/watch?v=0N9T73CzoZ0,diving
https://www.youtube.com/watch?v=0NlzgBv4vIQ,weightlifting
https://www.youtube.com/watch?v=0uTPJoKVXjw,diving
https://www.youtube.com/watch?v=0y2e_rg7zrI,golf
https://www.youtube.com/watch?v=13EKxUnRiQ8,swimming
https://www.youtube.com/watch?v=1h1I6w8-gJo,diving
https://www.youtube.com/watch?v=1yOzSEyuM9M,diving
https://www.youtube.com/watch?v=27iDOSo8irk,tennis
https://www.youtube.com/watch?v=29gb4FdidBY,athletics
https://www.youtube.com/watch?v=2Ej5RZgE8Io,boxe
https://www.youtube.com/watch?v=2ptPdNAiymI,weightlifting
https://www.youtube.com/watch?v=2WmBgTqL1bI,diving
https://www.youtube.com/watch?v=34HqkYG8UK8,athletics
https://www.youtube.com/watch?v=3MqnXsnEAkM,weightlifting
https://www.youtube.com/watch?v=3RPM27AeBOg,weightlifting
https://www.youtube.com/watch?v=3svbbrJUzIs,taekwondo
https://www.youtube.com/watch?v=3XiCqjuPFVo,sailing
https://www.youtube.com/watch?v=3YtJ29vXX5s,rowing
https://www.youtube.com/watch?v=40RCLWSQzEg,fencing
https://www.youtube.com/watch?v=43vfUA9OyjE,equestrian
https://www.youtube.com/watch?v=4bMO0GykYwc,fencing
https://www.youtube.com/watch?v=4kAx18LUA4U,swimming
https://www.youtube.com/watch?v=4xXG_reQSeg,swimming
https://www.youtube.com/watch?v=5-1XWqO3x_8,sailing
https://www.youtube.com/watch?v=50t3MiwNn3s,boxe
https://www.youtube.com/watch?v=530x1vuuuQw,taekwondo
https://www.youtube.com/watch?v=53KgTxhqd1w,boxe
https://www.youtube.com/watch?v=5dSHUzzX7jI,rowing
https://www.youtube.com/watch?v=5hOY-bRpBsM,taekwondo
https://www.youtube.com/watch?v=5htIJ8hdvdo,boxe
https://www.youtube.com/watch?v=5MEWOnBm5O4,boxe
https://www.youtube.com/watch?v=5PkOfrxR6wQ,golf
https://www.youtube.com/watch?v=63UDzp8YhYc,boxe
https://www.youtube.com/watch?v=64zqUkpAyJY,tennis
https://www.youtube.com/watch?v=67Jqvum3L2k,rowing
https://www.youtube.com/watch?v=6D0j42JEhqc,equestrian
https://www.youtube.com/watch?v=6KP0q_fprIE,boxe
https://www.youtube.com/watch?v=6N8IrXF0J_A,golf
https://www.youtube.com/watch?v=6Z_5kHEEepw,swimming
https://www.youtube.com/watch?v=78AQ-Z1cVwU,boxe
https://www.youtube.com/watch?v=7fMHVPsnXSA,sailing
https://www.youtube.com/watch?v=7iewpNH-NjY,wrestling
https://www.youtube.com/watch?v=7Q4xgBcnlEY,taekwondo
https://www.youtube.com/watch?v=7UY0Dyk5uak,taekwondo
https://www.youtube.com/watch?v=7WPJLIZYgcE,swimming
https://www.youtube.com/watch?v=84LrxcvsCic,athletics
https://www.youtube.com/watch?v=8mAdvpgGGhY,tennis
https://www.youtube.com/watch?v=8P_XQY8bt_Q,diving
https://www.youtube.com/watch?v=9jeRZxbtcJ0,sailing
https://www.youtube.com/watch?v=AaP0o50W-Hc,equestrian
https://www.youtube.com/watch?v=AdiU8Qwh2nI,tennis
https://www.youtube.com/watch?v=AE-sQf7nX1E,athletics
https://www.youtube.com/watch?v=aGEQ1KQIWIQ,swimming
https://www.youtube.com/watch?v=aMGl4gcrqC0,diving
https://www.youtube.com/watch?v=b2iRpEq8EVE,diving
https://www.youtube.com/watch?v=BeLvGZi12-s,athletics
https://www.youtube.com/watch?v=bsSJEPb6aUs,sailing
https://www.youtube.com/watch?v=C_BAQFl1u3o,diving
https://www.youtube.com/watch?v=ccfFkNj3bcY,rowing
https://www.youtube.com/watch?v=CFUhlNH1RJ0,fencing
https://www.youtube.com/watch?v=Cq1jGEp1rHA,tennis
https://www.youtube.com/watch?v=Cq5n3PWF4Qk,tennis
https://www.youtube.com/watch?v=cr0hjOD-iBo,diving
https://www.youtube.com/watch?v=cr8KwrYZlLc,fencing
https://www.youtube.com/watch?v=cXgWXIcUWlw,diving
https://www.youtube.com/watch?v=D6uXhJNGVjQ,equestrian
https://www.youtube.com/watch?v=DcDLLxgWa_Y,equestrian
https://www.youtube.com/watch?v=DgDZkQ3jG-I,fencing
https://www.youtube.com/watch?v=dMQauN60zlk,athletics
https://www.youtube.com/watch?v=DniKM5SKe6c,rowing
https://www.youtube.com/watch?v=DRTuNH_8r9A,weightlifting
https://www.youtube.com/watch?v=dSYqG2kZDbk,boxe
https://www.youtube.com/watch?v=dWbLtNwRrn0,taekwondo
https://www.youtube.com/watch?v=E0yaQ7SU_A0,athletics
https://www.youtube.com/watch?v=e2Sc_6Oqres,swimming
https://www.youtube.com/watch?v=e5PzoTXT-KQ,tennis
https://www.youtube.com/watch?v=ejFVFtJdP3s,swimming
https://www.youtube.com/watch?v=ElQvoqk1RqQ,athletics
https://www.youtube.com/watch?v=eut4zCb3teg,taekwondo
https://www.youtube.com/watch?v=F2o-9lUwYWs,diving
https://www.youtube.com/watch?v=FEYHthX1bO0,athletics
https://www.youtube.com/watch?v=FKe8HvSEKwk,tennis
https://www.youtube.com/watch?v=FLzWUF1TNtI,sailing
https://www.youtube.com/watch?v=FosQ4LvC9lI,golf
https://www.youtube.com/watch?v=fveYscn0PdI,diving
https://www.youtube.com/watch?v=fxfgB20Cnjw,swimming
https://www.youtube.com/watch?v=g_XMVF5KQuY,rowing
https://www.youtube.com/watch?v=G6SvPEVdKjg,sailing
https://www.youtube.com/watch?v=g6yDJ-e4DKk,wrestling
https://www.youtube.com/watch?v=GAqz5XoUXn8,tennis
https://www.youtube.com/watch?v=gdAQP850hh8,wrestling
https://www.youtube.com/watch?v=gh9u6Uvse3g,swimming
https://www.youtube.com/watch?v=gogIZALj7WY,equestrian
https://www.youtube.com/watch?v=gqDPTbf_7yg,golf
https://www.youtube.com/watch?v=GUl7UqbL3uc,weightlifting
https://www.youtube.com/watch?v=Gvnh8xuxla0,taekwondo
https://www.youtube.com/watch?v=HDQgx6bHkk8,golf
https://www.youtube.com/watch?v=hiKAw3Nyxbw,boxe
https://www.youtube.com/watch?v=hjvLY1fABVA,sailing
https://www.youtube.com/watch?v=i1PpX1IOcIs,weightlifting
https://www.youtube.com/watch?v=IAvE0WFy0mg,athletics
https://www.youtube.com/watch?v=inOerF1l_7g,tennis
https://www.youtube.com/watch?v=IowV5PCn9Kk,golf
https://www.youtube.com/watch?v=iQHinZ2_Y_A,athletics
https://www.youtube.com/watch?v=J2pTuIj1AY8,fencing
https://www.youtube.com/watch?v=J3TljNlN4P4,sailing
https://www.youtube.com/watch?v=J80kJAb7vD8,golf
https://www.youtube.com/watch?v=jaZWsU7Zjvw,weightlifting
https://www.youtube.com/watch?v=JbkLmogLGHA,wrestling
https://www.youtube.com/watch?v=jkeAPV-8ZBA,rowing
https://www.youtube.com/watch?v=JnZ_VpSl3SY,wrestling
https://www.youtube.com/watch?v=jwSybkk_EWk,athletics
https://www.youtube.com/watch?v=jxBsCOi4K5A,golf
https://www.youtube.com/watch?v=JyKDtGcBydo,sailing
https://www.youtube.com/watch?v=jzmF0ZAIHG8,equestrian
https://www.youtube.com/watch?v=K0Vu5jpePFs,taekwondo
https://www.youtube.com/watch?v=K5nDSKJFd2c,golf
https://www.youtube.com/watch?v=KBp8pR6sWKg,swimming
https://www.youtube.com/watch?v=kbz1_6xOpxk,swimming
https://www.youtube.com/watch?v=Km4fGBbzyxk,sailing
https://www.youtube.com/watch?v=KSQuFo7SyPc,weightlifting
https://www.youtube.com/watch?v=L32ViJvF1cw,taekwondo
https://www.youtube.com/watch?v=LAbRqrAK4kY,golf
https://www.youtube.com/watch?v=LafQDQ6-pzE,wrestling
https://www.youtube.com/watch?v=LDXVnbw-uX8,wrestling
https://www.youtube.com/watch?v=LhpsgZJnSy0,golf
https://www.youtube.com/watch?v=LMylkVq7Lg4,swimming
https://www.youtube.com/watch?v=lR3BX9OBcDs,fencing
https://www.youtube.com/watch?v=lrdMRRyOrlc,fencing
https://www.youtube.com/watch?v=LRM7ItlsJws,rowing
https://www.youtube.com/watch?v=LThqKajuQBs,athletics
https://www.youtube.com/watch?v=lWiWIHY4gts,rowing
https://www.youtube.com/watch?v=LZdsceNTJZ4,wrestling
https://www.youtube.com/watch?v=m_Hkl-h7p8I,equestrian
https://www.youtube.com/watch?v=MF-sz9ez46E,boxe
https://www.youtube.com/watch?v=MiYLO1iNVXA,boxe
https://www.youtube.com/watch?v=MQhBjDbMdqw,sailing
https://www.youtube.com/watch?v=mRkfaG38t7Y,weightlifting
https://www.youtube.com/watch?v=mw1TpOwD20U,fencing
https://www.youtube.com/watch?v=MwQTeFD0OKQ,weightlifting
https://www.youtube.com/watch?v=MZP4eAcJBJA,swimming
https://www.youtube.com/watch?v=N64UyqvMRFM,rowing
https://www.youtube.com/watch?v=N7Mkr6yX4tA,diving
https://www.youtube.com/watch?v=N8TYlGrAGxU,fencing
https://www.youtube.com/watch?v=NKyd43C_E6M,boxe
https://www.youtube.com/watch?v=nrAKm40n4Xk,equestrian
https://www.youtube.com/watch?v=NRjYfl1IVhw,athletics
https://www.youtube.com/watch?v=NzrwE5IHwnY,fencing
https://www.youtube.com/watch?v=o4YPe1AwR-Q,taekwondo
https://www.youtube.com/watch?v=OA9g21oyHtU,golf
https://www.youtube.com/watch?v=OepRR_02q3g,weightlifting
https://www.youtube.com/watch?v=oG9ej-7SURE,equestrian
https://www.youtube.com/watch?v=OGAXjUotZSM,fencing
https://www.youtube.com/watch?v=Osq-lwEb4WA,equestrian
https://www.youtube.com/watch?v=OwDaZd5r2JY,swimming
https://www.youtube.com/watch?v=P08RwwukftI,fencing
https://www.youtube.com/watch?v=PA_onuduC6E,boxe
https://www.youtube.com/watch?v=PaUPUpBPbSA,weightlifting
https://www.youtube.com/watch?v=pBO5ajZsX9M,taekwondo
https://www.youtube.com/watch?v=PGBvJX56nxg,taekwondo
https://www.youtube.com/watch?v=PSLNJCT00JI,equestrian
https://www.youtube.com/watch?v=Q_jgvD6yP1U,rowing
https://www.youtube.com/watch?v=q_PO5bpoGdo,taekwondo
https://www.youtube.com/watch?v=qethDvgNsP4,equestrian
https://www.youtube.com/watch?v=qh5qHDDT1CU,taekwondo
https://www.youtube.com/watch?v=R_jM7slqbR4,diving
https://www.youtube.com/watch?v=R3IWG0SvdSs,rowing
https://www.youtube.com/watch?v=r4CT-qaaH1I,rowing
https://www.youtube.com/watch?v=rbScsS07kP0,wrestling
https://www.youtube.com/watch?v=RCMHZ6UStUM,boxe
https://www.youtube.com/watch?v=RdFFoaKThKE,diving
https://www.youtube.com/watch?v=RmVejfqDWL0,wrestling
https://www.youtube.com/watch?v=rOMDOhunUJE,sailing
https://www.youtube.com/watch?v=Ru1stNzMzuE,athletics
https://www.youtube.com/watch?v=RW6pBqtrx10,taekwondo
https://www.youtube.com/watch?v=s9RQxzEfF9U,golf
https://www.youtube.com/watch?v=saUhwQC2AZc,diving
https://www.youtube.com/watch?v=SDns5ufhOY8,athletics
https://www.youtube.com/watch?v=SeblXxqhtBg,boxe
https://www.youtube.com/watch?v=sGYJDkI5jVE,rowing
https://www.youtube.com/watch?v=SJNPVAsTaYY,weightlifting
https://www.youtube.com/watch?v=sVvTDrlhwRA,wrestling
https://www.youtube.com/watch?v=T8fg2dGii2E,boxe
https://www.youtube.com/watch?v=TDtArt5n1cM,weightlifting
https://www.youtube.com/watch?v=TfbeuhBBgIw,equestrian
https://www.youtube.com/watch?v=TGP-1DFj_AE,diving
https://www.youtube.com/watch?v=TsjilNGj5zE,golf
https://www.youtube.com/watch?v=TWbc-EFX0CA,wrestling
https://www.youtube.com/watch?v=U0YliVRMHEs,fencing
https://www.youtube.com/watch?v=u16A_gOImTA,swimming
https://www.youtube.com/watch?v=udiW3oMgF7M,wrestling
https://www.youtube.com/watch?v=UEYs0Z0qe3U,sailing
https://www.youtube.com/watch?v=urMEKrFW9Ic,equestrian
https://www.youtube.com/watch?v=V3ICkL_cquY,boxe
https://www.youtube.com/watch?v=vb8qQkEDi68,boxe
https://www.youtube.com/watch?v=VddSvINrMAo,equestrian
https://www.youtube.com/watch?v=VjNpfokE-WY,taekwondo
https://www.youtube.com/watch?v=VjZGov3i70A,equestrian
https://www.youtube.com/watch?v=VoOM_mVbJdI,golf
https://www.youtube.com/watch?v=VrKSv-jMM_k,tennis
https://www.youtube.com/watch?v=vsnN8Ifd5n4,fencing
https://www.youtube.com/watch?v=vU-VpsDIdqE,wrestling
https://www.youtube.com/watch?v=VyOXOzEFSas,golf
https://www.youtube.com/watch?v=w-hNxlAXq10,wrestling
https://www.youtube.com/watch?v=W1jFS4a1bsI,rowing
https://www.youtube.com/watch?v=WAzSd1SRvts,wrestling
https://www.youtube.com/watch?v=wbrBJdlY8Sk,tennis
https://www.youtube.com/watch?v=WijCDAdIwNk,athletics
https://www.youtube.com/watch?v=wjM7rywomkA,tennis
https://www.youtube.com/watch?v=wkgswf5Y_vM,tennis
https://www.youtube.com/watch?v=wLuXcDK67z0,golf
https://www.youtube.com/watch?v=WMRvmuruQDI,golf
https://www.youtube.com/watch?v=WTgIfVierhY,swimming
https://www.youtube.com/watch?v=wWOH-b4PTq4,sailing
https://www.youtube.com/watch?v=WXJGFkWTNwo,athletics
https://www.youtube.com/watch?v=WZIyhXVSumE,equestrian
https://www.youtube.com/watch?v=X2AtP49YB5U,swimming
https://www.youtube.com/watch?v=x4XE44E7j_g,sailing
https://www.youtube.com/watch?v=xFKeRreP3aY,athletics
https://www.youtube.com/watch?v=XMol6PjdPMg,wrestling
https://www.youtube.com/watch?v=XpGghU3Avfw,boxe
https://www.youtube.com/watch?v=XZ0L2kRhWhE,golf
https://www.youtube.com/watch?v=Y-siyG1r75c,tennis
https://www.youtube.com/watch?v=Y1LlE9lVy_g,taekwondo
https://www.youtube.com/watch?v=ycuqxf6nr0M,sailing
https://www.youtube.com/watch?v=yHYHeCVPyeU,wrestling
https://www.youtube.com/watch?v=YjICG0RI0I4,weightlifting
https://www.youtube.com/watch?v=yKL96JO_K-I,rowing
https://www.youtube.com/watch?v=yoULD38dTKA,equestrian
https://www.youtube.com/watch?v=z_hoaUtSj0s,taekwondo
https://www.youtube.com/watch?v=z0Xp4OxcRpo,fencing
https://www.youtube.com/watch?v=Z6LLsyodTQo,fencing
https://www.youtube.com/watch?v=Z6v_c3If4KA,weightlifting
https://www.youtube.com/watch?v=z8A51o1ipPk,fencing
https://www.youtube.com/watch?v=zAXJsr4vq8w,sailing
https://www.youtube.com/watch?v=zbBvbU1Cfiw,swimming
https://www.youtube.com/watch?v=ZciR8L4c07I,rowing
https://www.youtube.com/watch?v=Zeftue5m3Uc,wrestling
https://www.youtube.com/watch?v=zFJ8PFHFYEM,fencing
https://www.youtube.com/watch?v=ZIEqqYyHE8g,swimming
https://www.youtube.com/watch?v=ZIetslktFQk,rowing
https://www.youtube.com/watch?v=zKfbj9ngFO4,athletics
https://www.youtube.com/watch?v=zOOwaK8opF4,diving
https://www.youtube.com/watch?v=zQGS3xcM-ZQ,tennis
https://www.youtube.com/watch?v=ZrIjUf-S7Mo,tennis
https://www.youtube.com/watch?v=ZVi8uA30rpY,tennis
https://www.youtube.com/watch?v=Zxl3cgrfLpw,tennis
https://www.youtube.com/watch?v=ZZ_fMXMv9sQ,diving
