0,javier_bardem5
1,javier_bardem2
2,javier_bardem1
3,javier_bardem3
4,javier_bardem4
5,jim_carrey1
6,jim_carrey2
7,jim_carrey5
8,jim_carrey4
9,jim_carrey3
10,sebastian_stan5
11,sebastian_stan1
12,sebastian_stan2
13,sebastian_stan4
14,sebastian_stan3
15,william_dafoe3
16,william_dafoe2
17,william_dafoe4
18,william_dafoe5
19,william_dafoe1
20,rene_russo4
21,rene_russo1
22,rene_russo3
23,rene_russo5
24,rene_russo2
25,adam_sandler1
26,adam_sandler3
27,adam_sandler4
28,adam_sandler2
29,adam_sandler5
30,emma_stone3
31,emma_stone4
32,emma_stone2
33,emma_stone1
34,emma_stone5
35,hugh_grant1
36,hugh_grant4
37,hugh_grant5
38,hugh_grant3
39,hugh_grant2
40,jason_segel4
41,jason_segel2
42,jason_segel1
43,jason_segel3
44,jason_segel5
45,jamie_fox1
46,jamie_fox4
47,jamie_fox3
48,jamie_fox5
49,jamie_fox2
50,robert_deniro2
51,robert_deniro3
52,robert_deniro5
53,robert_deniro1
54,robert_deniro4
55,jason_bateman1
56,jason_bateman4
57,jason_bateman5
58,jason_bateman3
59,jason_bateman2
60,brad_pitt2
61,brad_pitt3
62,brad_pitt5
63,brad_pitt1
64,brad_pitt4
65,robin_givens1
66,robin_givens3
67,robin_givens2
68,robin_givens4
69,robin_givens5
70,chris_pine5
71,chris_pine3
72,chris_pine2
73,chris_pine4
74,chris_pine1
75,steve_carell4
76,steve_carell3
77,steve_carell1
78,steve_carell2
79,steve_carell5
80,winona_ryder5
81,winona_ryder3
82,winona_ryder4
83,winona_ryder2
84,winona_ryder1
85,bill_murray1
86,bill_murray2
87,bill_murray3
88,bill_murray5
89,bill_murray4
90,ben_affleck5
91,ben_affleck4
92,ben_affleck2
93,ben_affleck3
94,ben_affleck1
95,sharon_stone4
96,sharon_stone3
97,sharon_stone1
98,sharon_stone5
99,sharon_stone2
100,jared_leto4
101,jared_leto2
102,jared_leto3
103,jared_leto1
104,jared_leto5
105,sissy_spacek4
106,sissy_spacek5
107,sissy_spacek1
108,sissy_spacek2
109,sissy_spacek3
110,demi_moore2
111,demi_moore5
112,demi_moore3
113,demi_moore1
114,demi_moore4
115,uma_thurman3
116,uma_thurman1
117,uma_thurman4
118,uma_thurman5
119,uma_thurman2
120,jeremy_renner4
121,jeremy_renner5
122,jeremy_renner3
123,jeremy_renner2
124,jeremy_renner1
125,tom_hardy2
126,tom_hardy3
127,tom_hardy4
128,tom_hardy5
129,tom_hardy1
130,tom_hanks1
131,tom_hanks3
132,tom_hanks2
133,tom_hanks5
134,tom_hanks4
135,jeff_goldblum2
136,jeff_goldblum3
137,jeff_goldblum5
138,jeff_goldblum4
139,jeff_goldblum1
140,joe_pesci5
141,joe_pesci1
142,joe_pesci4
143,joe_pesci3
144,joe_pesci2
145,holly_hunter3
146,holly_hunter4
147,holly_hunter1
148,holly_hunter5
149,holly_hunter2
150,jean_reno1
151,jean_reno2
152,jean_reno4
153,jean_reno5
154,jean_reno3
155,hilary_swank4
156,hilary_swank2
157,hilary_swank3
158,hilary_swank1
159,hilary_swank5
160,keanu_reeves4
161,keanu_reeves5
162,keanu_reeves3
163,keanu_reeves1
164,keanu_reeves2
165,robert_redford4
166,robert_redford5
167,robert_redford3
168,robert_redford1
169,robert_redford2
170,mel_gibson2
171,mel_gibson4
172,mel_gibson3
173,mel_gibson1
174,mel_gibson5
175,ben_stiller1
176,ben_stiller3
177,ben_stiller5
178,ben_stiller2
179,ben_stiller4
180,orlando_bloom4
181,orlando_bloom3
182,orlando_bloom1
183,orlando_bloom5
184,orlando_bloom2
185,robin_wright1
186,robin_wright2
187,robin_wright5
188,robin_wright4
189,robin_wright3
190,halle_berry2
191,halle_berry1
192,halle_berry4
193,halle_berry5
194,halle_berry3
195,jodie_foster4
196,jodie_foster2
197,jodie_foster1
198,jodie_foster3
199,jodie_foster5
200,rami_malek5
201,rami_malek2
202,rami_malek4
203,rami_malek1
204,rami_malek3
205,megan_fox4
206,megan_fox3
207,megan_fox5
208,megan_fox1
209,megan_fox2
210,marion_cotillard3
211,marion_cotillard4
212,marion_cotillard5
213,marion_cotillard1
214,marion_cotillard2
215,khaterine_mcnamara5
216,khaterine_mcnamara2
217,khaterine_mcnamara4
218,khaterine_mcnamara1
219,khaterine_mcnamara3
220,kate_winslet4
221,kate_winslet5
222,kate_winslet2
223,kate_winslet1
224,kate_winslet3
225,chris_evans3
226,chris_evans4
227,chris_evans5
228,chris_evans2
229,chris_evans1
230,viola_davis5
231,viola_davis4
232,viola_davis2
233,viola_davis3
234,viola_davis1
235,diane_keaton1
236,diane_keaton4
237,diane_keaton3
238,diane_keaton5
239,diane_keaton2
240,woody_allen1
241,woody_allen3
242,woody_allen2
243,woody_allen4
244,woody_allen5
245,tara_strong4
246,tara_strong3
247,tara_strong5
248,tara_strong1
249,tara_strong2
250,ellen_burstyn5
251,ellen_burstyn2
252,ellen_burstyn4
253,ellen_burstyn3
254,ellen_burstyn1
255,george_clooney5
256,george_clooney1
257,george_clooney4
258,george_clooney2
259,george_clooney3
260,josh_gad3
261,josh_gad2
262,josh_gad4
263,josh_gad1
264,josh_gad5
265,drew_barrymore2
266,drew_barrymore4
267,drew_barrymore3
268,drew_barrymore5
269,drew_barrymore1
270,jennifer_lopez1
271,jennifer_lopez4
272,jennifer_lopez2
273,jennifer_lopez3
274,jennifer_lopez5
275,jennifer_lawrence5
276,jennifer_lawrence1
277,jennifer_lawrence2
278,jennifer_lawrence4
279,jennifer_lawrence3
280,jennifer_garner1
281,jennifer_garner4
282,jennifer_garner3
283,jennifer_garner2
284,jennifer_garner5
285,susan_sarandon2
286,susan_sarandon5
287,susan_sarandon3
288,susan_sarandon4
289,susan_sarandon1
290,michael_douglas3
291,michael_douglas5
292,michael_douglas4
293,michael_douglas1
294,michael_douglas2
295,drew_powell2
296,drew_powell1
297,drew_powell5
298,drew_powell3
299,drew_powell4
300,liam_neeson4
301,liam_neeson2
302,liam_neeson5
303,liam_neeson3
304,liam_neeson1
305,sierra mccormick4
306,sierra mccormick3
307,sierra mccormick5
308,sierra mccormick2
309,sierra mccormick1
310,idris_elba5
311,idris_elba3
312,idris_elba2
313,idris_elba4
314,idris_elba1
315,maggie_smith4
316,maggie_smith5
317,maggie_smith2
318,maggie_smith3
319,maggie_smith1
320,selena_gomez1
321,selena_gomez2
322,selena_gomez4
323,selena_gomez5
324,selena_gomez3
325,bette_midler2
326,bette_midler3
327,bette_midler4
328,bette_midler5
329,bette_midler1
330,mark_ruffalo3
331,mark_ruffalo4
332,mark_ruffalo2
333,mark_ruffalo5
334,mark_ruffalo1
335,gwyneth_paltrow4
336,gwyneth_paltrow1
337,gwyneth_paltrow3
338,gwyneth_paltrow5
339,gwyneth_paltrow2
340,jennifer_aniston3
341,jennifer_aniston1
342,jennifer_aniston2
343,jennifer_aniston5
344,jennifer_aniston4
345,bruce_willis3
346,bruce_willis1
347,bruce_willis5
348,bruce_willis2
349,bruce_willis4
350,kirsten_dunst2
351,kirsten_dunst1
352,kirsten_dunst3
353,kirsten_dunst4
354,kirsten_dunst5
355,peter_Gallagher1
356,peter_Gallagher2
357,peter_Gallagher3
358,peter_Gallagher4
359,peter_Gallagher5
360,cobie_smulders2
361,cobie_smulders4
362,cobie_smulders1
363,cobie_smulders5
364,cobie_smulders3
365,matthew_mcconaughey2
366,matthew_mcconaughey4
367,matthew_mcconaughey5
368,matthew_mcconaughey1
369,matthew_mcconaughey3
370,daniel_daylewis5
371,daniel_daylewis2
372,daniel_daylewis3
373,daniel_daylewis1
374,daniel_daylewis4
375,chris_hemsworth4
376,chris_hemsworth2
377,chris_hemsworth5
378,chris_hemsworth3
379,chris_hemsworth1
380,kate_hudson2
381,kate_hudson4
382,kate_hudson3
383,kate_hudson5
384,kate_hudson1
385,roberto_benigni3
386,roberto_benigni1
387,roberto_benigni2
388,roberto_benigni4
389,roberto_benigni5
390,patrick_swayze2
391,patrick_swayze3
392,patrick_swayze5
393,patrick_swayze1
394,patrick_swayze4
395,emma_watson3
396,emma_watson5
397,emma_watson1
398,emma_watson4
399,emma_watson2
400,amy_adams3
401,amy_adams5
402,amy_adams1
403,amy_adams4
404,amy_adams2
405,david_bale3
406,david_bale5
407,david_bale1
408,david_bale2
409,david_bale4
410,jessica_lange3
411,jessica_lange4
412,jessica_lange2
413,jessica_lange5
414,jessica_lange1
415,sean_penn2
416,sean_penn1
417,sean_penn5
418,sean_penn3
419,sean_penn4
420,robert_downeyjr1
421,robert_downeyjr3
422,robert_downeyjr4
423,robert_downeyjr2
424,robert_downeyjr5
425,helen_mirren1
426,helen_mirren2
427,helen_mirren4
428,helen_mirren3
429,helen_mirren5
430,jack_nicholson2
431,jack_nicholson4
432,jack_nicholson1
433,jack_nicholson5
434,jack_nicholson3
435,adam_driver1
436,adam_driver5
437,adam_driver2
438,adam_driver3
439,adam_driver4
440,ryan_gosling5
441,ryan_gosling4
442,ryan_gosling1
443,ryan_gosling3
444,ryan_gosling2
445,will_smith3
446,will_smith2
447,will_smith1
448,will_smith5
449,will_smith4
450,steve_buscemi5
451,steve_buscemi3
452,steve_buscemi1
453,steve_buscemi2
454,steve_buscemi4
455,leighton_meester3
456,leighton_meester5
457,leighton_meester2
458,leighton_meester1
459,leighton_meester4
460,daniel_craig3
461,daniel_craig2
462,daniel_craig1
463,daniel_craig5
464,daniel_craig4
465,karen_gillan4
466,karen_gillan2
467,karen_gillan5
468,karen_gillan1
469,karen_gillan3
470,bill_pullman1
471,bill_pullman2
472,bill_pullman3
473,bill_pullman4
474,bill_pullman5
475,viggo_mortensen4
476,viggo_mortensen5
477,viggo_mortensen1
478,viggo_mortensen3
479,viggo_mortensen2
480,joe_manganiello4
481,joe_manganiello1
482,joe_manganiello5
483,joe_manganiello2
484,joe_manganiello3
485,barbra_streisand3
486,barbra_streisand1
487,barbra_streisand2
488,barbra_streisand5
489,barbra_streisand4
490,scarlett_johansson1
491,scarlett_johansson4
492,scarlett_johansson3
493,scarlett_johansson5
494,scarlett_johansson2
495,crystal_reed5
496,crystal_reed2
497,crystal_reed1
498,crystal_reed3
499,crystal_reed4
500,tom_hiddeleston1
501,tom_hiddeleston4
502,tom_hiddeleston3
503,tom_hiddeleston2
504,tom_hiddeleston5
505,casey_affleck5
506,casey_affleck3
507,casey_affleck4
508,casey_affleck1
509,casey_affleck2
510,michelle_pfeiffer2
511,michelle_pfeiffer3
512,michelle_pfeiffer5
513,michelle_pfeiffer1
514,michelle_pfeiffer4
515,sophia_loren2
516,sophia_loren5
517,sophia_loren4
518,sophia_loren3
519,sophia_loren1
520,tom_cruise2
521,tom_cruise5
522,tom_cruise4
523,tom_cruise3
524,tom_cruise1
525,john_travolta4
526,john_travolta5
527,john_travolta3
528,john_travolta2
529,john_travolta1
530,meg_ryan5
531,meg_ryan1
532,meg_ryan2
533,meg_ryan3
534,meg_ryan4
535,gene_hackman3
536,gene_hackman5
537,gene_hackman4
538,gene_hackman2
539,gene_hackman1
540,emma_thompson5
541,emma_thompson3
542,emma_thompson1
543,emma_thompson2
544,emma_thompson4
545,kim_basinger4
546,kim_basinger1
547,kim_basinger5
548,kim_basinger3
549,kim_basinger2
550,john_cusack2
551,john_cusack4
552,john_cusack1
553,john_cusack3
554,john_cusack5
555,tilda_swinton5
556,tilda_swinton1
557,tilda_swinton3
558,tilda_swinton2
559,tilda_swinton4
560,nicolas_cage5
561,nicolas_cage1
562,nicolas_cage4
563,nicolas_cage2
564,nicolas_cage3
565,renèe_zellweger4
566,renèe_zellweger1
567,renèe_zellweger3
568,renèe_zellweger2
569,renèe_zellweger5
570,mila_kunis4
571,mila_kunis3
572,mila_kunis1
573,mila_kunis2
574,mila_kunis5
575,morgan_freeman4
576,morgan_freeman3
577,morgan_freeman1
578,morgan_freeman5
579,morgan_freeman2
580,jude_law5
581,jude_law2
582,jude_law1
583,jude_law3
584,jude_law4
585,robin_williams2
586,robin_williams1
587,robin_williams5
588,robin_williams4
589,robin_williams3
590,cristoph_waltz3
591,cristoph_waltz4
592,cristoph_waltz1
593,cristoph_waltz2
594,cristoph_waltz5
595,shirley_maclaine4
596,shirley_maclaine3
597,shirley_maclaine1
598,shirley_maclaine5
599,shirley_maclaine2
600,sally_field3
601,sally_field2
602,sally_field1
603,sally_field5
604,sally_field4
605,colin_farrell3
606,colin_farrell5
607,colin_farrell4
608,colin_farrell2
609,colin_farrell1
610,adrien_brody5
611,adrien_brody3
612,adrien_brody4
613,adrien_brody1
614,adrien_brody2
615,justin_timberlake3
616,justin_timberlake5
617,justin_timberlake2
618,justin_timberlake4
619,justin_timberlake1
620,sandra_bullock1
621,sandra_bullock4
622,sandra_bullock5
623,sandra_bullock3
624,sandra_bullock2
625,penelope_cruz2
626,penelope_cruz1
627,penelope_cruz3
628,penelope_cruz5
629,penelope_cruz4
630,vin_diesel2
631,vin_diesel1
632,vin_diesel4
633,vin_diesel3
634,vin_diesel5
635,oscar_isaac3
636,oscar_isaac5
637,oscar_isaac1
638,oscar_isaac4
639,oscar_isaac2
640,joseph_gordon3
641,joseph_gordon4
642,joseph_gordon1
643,joseph_gordon5
644,joseph_gordon2
645,arnold_schwarzenegger1
646,arnold_schwarzenegger4
647,arnold_schwarzenegger3
648,arnold_schwarzenegger2
649,arnold_schwarzenegger5
650,don_cheadle2
651,don_cheadle3
652,don_cheadle5
653,don_cheadle1
654,don_cheadle4
655,james_franco3
656,james_franco5
657,james_franco2
658,james_franco1
659,james_franco4
660,cate_blanchett5
661,cate_blanchett4
662,cate_blanchett2
663,cate_blanchett1
664,cate_blanchett3
665,ethan_hawke2
666,ethan_hawke1
667,ethan_hawke3
668,ethan_hawke5
669,ethan_hawke4
670,zac_efron3
671,zac_efron4
672,zac_efron5
673,zac_efron2
674,zac_efron1
675,jake_gyllenhaal5
676,jake_gyllenhaal3
677,jake_gyllenhaal2
678,jake_gyllenhaal1
679,jake_gyllenhaal4
680,anthony_hopkins3
681,anthony_hopkins1
682,anthony_hopkins5
683,anthony_hopkins2
684,anthony_hopkins4
685,julie_andrews3
686,julie_andrews1
687,julie_andrews2
688,julie_andrews5
689,julie_andrews4
690,johnny_depp5
691,johnny_depp3
692,johnny_depp2
693,johnny_depp4
694,johnny_depp1
695,walton_goggins1
696,walton_goggins2
697,walton_goggins5
698,walton_goggins4
699,walton_goggins3
700,michelle_williams2
701,michelle_williams5
702,michelle_williams1
703,michelle_williams3
704,michelle_williams4
705,tim_roth4
706,tim_roth5
707,tim_roth2
708,tim_roth3
709,tim_roth1
710,russell_crowe2
711,russell_crowe5
712,russell_crowe4
713,russell_crowe1
714,russell_crowe3
715,eva_green5
716,eva_green1
717,eva_green2
718,eva_green3
719,eva_green4
720,alec_baldwin2
721,alec_baldwin4
722,alec_baldwin3
723,alec_baldwin1
724,alec_baldwin5
725,edward_norton5
726,edward_norton1
727,edward_norton4
728,edward_norton3
729,edward_norton2
730,stan_lee3
731,stan_lee4
732,stan_lee2
733,stan_lee1
734,stan_lee5
735,geena_davis3
736,geena_davis5
737,geena_davis1
738,geena_davis2
739,geena_davis4
740,charlize_theron4
741,charlize_theron3
742,charlize_theron2
743,charlize_theron5
744,charlize_theron1
745,angela_bassett4
746,angela_bassett5
747,angela_bassett2
748,angela_bassett1
749,angela_bassett3
750,zach_galifianakis5
751,zach_galifianakis4
752,zach_galifianakis2
753,zach_galifianakis3
754,zach_galifianakis1
755,debra_winger2
756,debra_winger4
757,debra_winger5
758,debra_winger1
759,debra_winger3
760,vera_farmiga2
761,vera_farmiga4
762,vera_farmiga5
763,vera_farmiga3
764,vera_farmiga1
765,hugh_jackman2
766,hugh_jackman4
767,hugh_jackman5
768,hugh_jackman3
769,hugh_jackman1
770,matt_damon2
771,matt_damon4
772,matt_damon3
773,matt_damon1
774,matt_damon5
775,cara_buono4
776,cara_buono1
777,cara_buono2
778,cara_buono5
779,cara_buono3
780,michael_fassbender1
781,michael_fassbender3
782,michael_fassbender4
783,michael_fassbender5
784,michael_fassbender2
785,josh_brolin3
786,josh_brolin5
787,josh_brolin2
788,josh_brolin1
789,josh_brolin4
790,harvey_keitel2
791,harvey_keitel4
792,harvey_keitel5
793,harvey_keitel1
794,harvey_keitel3
795,kevin_costner5
796,kevin_costner4
797,kevin_costner2
798,kevin_costner1
799,kevin_costner3
800,keira_knightley3
801,keira_knightley5
802,keira_knightley2
803,keira_knightley4
804,keira_knightley1
805,benicio_deltoro4
806,benicio_deltoro1
807,benicio_deltoro5
808,benicio_deltoro2
809,benicio_deltoro3
810,dustin_hoffman4
811,dustin_hoffman5
812,dustin_hoffman3
813,dustin_hoffman1
814,dustin_hoffman2
815,diana_lane3
816,diana_lane2
817,diana_lane4
818,diana_lane1
819,diana_lane5
820,chiwetel_ejiofor4
821,chiwetel_ejiofor5
822,chiwetel_ejiofor1
823,chiwetel_ejiofor2
824,chiwetel_ejiofor3
825,quentin_tarantino2
826,quentin_tarantino1
827,quentin_tarantino3
828,quentin_tarantino4
829,quentin_tarantino5
830,katie_holmes5
831,katie_holmes4
832,katie_holmes1
833,katie_holmes3
834,katie_holmes2
835,julianne_moore2
836,julianne_moore3
837,julianne_moore1
838,julianne_moore5
839,julianne_moore4
840,mark_wahlberg3
841,mark_wahlberg4
842,mark_wahlberg2
843,mark_wahlberg5
844,mark_wahlberg1
845,mahershala_ali3
846,mahershala_ali2
847,mahershala_ali1
848,mahershala_ali4
849,mahershala_ali5
850,pom_klementieff3
851,pom_klementieff2
852,pom_klementieff5
853,pom_klementieff1
854,pom_klementieff4
855,owen_wilson3
856,owen_wilson5
857,owen_wilson1
858,owen_wilson2
859,owen_wilson4
860,paul_rudd4
861,paul_rudd2
862,paul_rudd5
863,paul_rudd3
864,paul_rudd1
865,reese_witherspoon4
866,reese_witherspoon1
867,reese_witherspoon5
868,reese_witherspoon2
869,reese_witherspoon3
870,al_pacino5
871,al_pacino4
872,al_pacino3
873,al_pacino2
874,al_pacino1
875,catherine-zetajones2
876,catherine-zetajones1
877,catherine-zetajones3
878,catherine-zetajones4
879,catherine-zetajones5
880,daisy_ridley4
881,daisy_ridley2
882,daisy_ridley3
883,daisy_ridley5
884,daisy_ridley1
885,liam_hemsworth1
886,liam_hemsworth5
887,liam_hemsworth4
888,liam_hemsworth3
889,liam_hemsworth2
890,gary_oldman3
891,gary_oldman1
892,gary_oldman4
893,gary_oldman2
894,gary_oldman5
895,anne_hathaway2
896,anne_hathaway5
897,anne_hathaway1
898,anne_hathaway4
899,anne_hathaway3
900,katherine_heigl4
901,katherine_heigl5
902,katherine_heigl2
903,katherine_heigl3
904,katherine_heigl1
905,kevin_spacey3
906,kevin_spacey2
907,kevin_spacey1
908,kevin_spacey4
909,kevin_spacey5
910,samuel_Ljackson2
911,samuel_Ljackson4
912,samuel_Ljackson1
913,samuel_Ljackson3
914,samuel_Ljackson5
915,woody_harrelson1
916,woody_harrelson2
917,woody_harrelson5
918,woody_harrelson4
919,woody_harrelson3
920,judi_dench1
921,judi_dench4
922,judi_dench5
923,judi_dench2
924,judi_dench3
925,robert_pattinson4
926,robert_pattinson5
927,robert_pattinson2
928,robert_pattinson1
929,robert_pattinson3
930,faye_dunaway3
931,faye_dunaway4
932,faye_dunaway5
933,faye_dunaway1
934,faye_dunaway2
935,nicole_kidman4
936,nicole_kidman5
937,nicole_kidman2
938,nicole_kidman3
939,nicole_kidman1
940,andrew_garfield1
941,andrew_garfield2
942,andrew_garfield3
943,andrew_garfield4
944,andrew_garfield5
945,ben_kingsley4
946,ben_kingsley3
947,ben_kingsley5
948,ben_kingsley1
949,ben_kingsley2
950,jane_fonda3
951,jane_fonda1
952,jane_fonda5
953,jane_fonda2
954,jane_fonda4
955,sylvester_stallone5
956,sylvester_stallone3
957,sylvester_stallone1
958,sylvester_stallone4
959,sylvester_stallone2
960,bradley_cooper2
961,bradley_cooper5
962,bradley_cooper1
963,bradley_cooper4
964,bradley_cooper3
965,ryan_reynolds3
966,ryan_reynolds2
967,ryan_reynolds1
968,ryan_reynolds4
969,ryan_reynolds5
970,leonardo_dicaprio2
971,leonardo_dicaprio1
972,leonardo_dicaprio4
973,leonardo_dicaprio3
974,leonardo_dicaprio5
975,shannon_purser5
976,shannon_purser3
977,shannon_purser1
978,shannon_purser2
979,shannon_purser4
980,sean_connery1
981,sean_connery4
982,sean_connery2
983,sean_connery5
984,sean_connery3
985,dwayne_johnson2
986,dwayne_johnson3
987,dwayne_johnson4
988,dwayne_johnson5
989,dwayne_johnson1
990,angelina_jolie3
991,angelina_jolie5
992,angelina_jolie1
993,angelina_jolie4
994,angelina_jolie2
995,juliette_binoche2
996,juliette_binoche5
997,juliette_binoche3
998,juliette_binoche4
999,juliette_binoche1
1000,jessica_alba1
1001,jessica_alba3
1002,jessica_alba4
1003,jessica_alba2
1004,jessica_alba5
1005,christian_bale4
1006,christian_bale3
1007,christian_bale1
1008,christian_bale2
1009,christian_bale5
1010,meryl_streep4
1011,meryl_streep3
1012,meryl_streep2
1013,meryl_streep1
1014,meryl_streep5
1015,robert_duvall5
1016,robert_duvall3
1017,robert_duvall2
1018,robert_duvall1
1019,robert_duvall4
1020,harrison_ford3
1021,harrison_ford1
1022,harrison_ford2
1023,harrison_ford5
1024,harrison_ford4
1025,jeff_bridges4
1026,jeff_bridges5
1027,jeff_bridges1
1028,jeff_bridges2
1029,jeff_bridges3
1030,julia_roberts3
1031,julia_roberts1
1032,julia_roberts5
1033,julia_roberts4
1034,julia_roberts2
1035,glen_close3
1036,glen_close4
1037,glen_close1
1038,glen_close2
1039,glen_close5
1040,jewel_staite5
1041,jewel_staite3
1042,jewel_staite4
1043,jewel_staite2
1044,jewel_staite1
1045,cameron_diaz2
1046,cameron_diaz5
1047,cameron_diaz4
1048,cameron_diaz3
1049,cameron_diaz1
1050,kathy_bates3
1051,kathy_bates4
1052,kathy_bates1
1053,kathy_bates2
1054,kathy_bates5
1055,chris_pratt5
1056,chris_pratt2
1057,chris_pratt4
1058,chris_pratt1
1059,chris_pratt3
1060,sean_astin2
1061,sean_astin1
1062,sean_astin4
1063,sean_astin3
1064,sean_astin5
1065,daniel_radcliffe4
1066,daniel_radcliffe2
1067,daniel_radcliffe1
1068,daniel_radcliffe3
1069,daniel_radcliffe5
1070,denzel_washington4
1071,denzel_washington5
1072,denzel_washington1
1073,denzel_washington2
1074,denzel_washington3
1075,kurt_russell4
1076,kurt_russell2
1077,kurt_russell3
1078,kurt_russell1
1079,kurt_russell5
1080,andy_serkis5
1081,andy_serkis3
1082,andy_serkis4
1083,andy_serkis2
1084,andy_serkis1
