0,bryce_dallasHoward
1,bryce_dallasHoward
2,bryce_dallasHoward
3,bryce_dallasHoward
4,bryce_dallasHoward
5,rosemarie_deWitt
6,rosemarie_deWitt
7,rosemarie_deWitt
8,rosemarie_deWitt
9,rosemarie_deWitt
10,javier_bardem
11,javier_bardem
12,javier_bardem
13,javier_bardem
14,javier_bardem
15,jane_levy
16,jane_levy
17,jane_levy
18,jane_levy
19,jane_levy
20,daniel_bruhl
21,daniel_bruhl
22,daniel_bruhl
23,daniel_bruhl
24,daniel_bruhl
25,teresa_palmer
26,teresa_palmer
27,teresa_palmer
28,teresa_palmer
29,teresa_palmer
30,bill_nighy
31,bill_nighy
32,bill_nighy
33,bill_nighy
34,bill_nighy
35,ana_dearmas
36,ana_dearmas
37,ana_dearmas
38,ana_dearmas
39,ana_dearmas
40,jim_carrey
41,jim_carrey
42,jim_carrey
43,jim_carrey
44,jim_carrey
45,sebastian_stan
46,sebastian_stan
47,sebastian_stan
48,sebastian_stan
49,sebastian_stan
50,william_dafoe
51,william_dafoe
52,william_dafoe
53,william_dafoe
54,william_dafoe
55,alison_sudol
56,alison_sudol
57,alison_sudol
58,alison_sudol
59,alison_sudol
60,rene_russo
61,rene_russo
62,rene_russo
63,rene_russo
64,rene_russo
65,adam_sandler
66,adam_sandler
67,adam_sandler
68,adam_sandler
69,adam_sandler
70,emma_stone
71,emma_stone
72,emma_stone
73,emma_stone
74,emma_stone
75,alexandra_daddario
76,alexandra_daddario
77,alexandra_daddario
78,alexandra_daddario
79,alexandra_daddario
80,katherine_waterson
81,katherine_waterson
82,katherine_waterson
83,katherine_waterson
84,katherine_waterson
85,jocelin_donahue
86,jocelin_donahue
87,jocelin_donahue
88,jocelin_donahue
89,jocelin_donahue
90,hugh_grant
91,hugh_grant
92,hugh_grant
93,hugh_grant
94,hugh_grant
95,kristen_bell
96,kristen_bell
97,kristen_bell
98,kristen_bell
99,kristen_bell
100,jason_segel
101,jason_segel
102,jason_segel
103,jason_segel
104,jason_segel
105,zoey_deutch
106,zoey_deutch
107,zoey_deutch
108,zoey_deutch
109,zoey_deutch
110,jamie_fox
111,jamie_fox
112,jamie_fox
113,jamie_fox
114,jamie_fox
115,robert_deniro
116,robert_deniro
117,robert_deniro
118,robert_deniro
119,robert_deniro
120,janet_mcTeer
121,janet_mcTeer
122,janet_mcTeer
123,janet_mcTeer
124,janet_mcTeer
125,jason_bateman
126,jason_bateman
127,jason_bateman
128,jason_bateman
129,jason_bateman
130,britt_robertson
131,britt_robertson
132,britt_robertson
133,britt_robertson
134,britt_robertson
135,tian_jing
136,tian_jing
137,tian_jing
138,tian_jing
139,tian_jing
140,michael_stuhlbarg
141,michael_stuhlbarg
142,michael_stuhlbarg
143,michael_stuhlbarg
144,michael_stuhlbarg
145,brad_pitt
146,brad_pitt
147,brad_pitt
148,brad_pitt
149,brad_pitt
150,tony_revolori
151,tony_revolori
152,tony_revolori
153,tony_revolori
154,tony_revolori
155,robin_givens
156,robin_givens
157,robin_givens
158,robin_givens
159,robin_givens
160,chris_pine
161,chris_pine
162,chris_pine
163,chris_pine
164,chris_pine
165,steve_carell
166,steve_carell
167,steve_carell
168,steve_carell
169,steve_carell
170,winona_ryder
171,winona_ryder
172,winona_ryder
173,winona_ryder
174,winona_ryder
175,bill_murray
176,bill_murray
177,bill_murray
178,bill_murray
179,bill_murray
180,ben_affleck
181,ben_affleck
182,ben_affleck
183,ben_affleck
184,ben_affleck
185,sharon_stone
186,sharon_stone
187,sharon_stone
188,sharon_stone
189,sharon_stone
190,forest_whitaker
191,forest_whitaker
192,forest_whitaker
193,forest_whitaker
194,forest_whitaker
195,jonh_hawkes
196,jonh_hawkes
197,jonh_hawkes
198,jonh_hawkes
199,jonh_hawkes
200,stephen_curry_actor
201,stephen_curry_actor
202,stephen_curry_actor
203,stephen_curry_actor
204,stephen_curry_actor
205,jared_leto
206,jared_leto
207,jared_leto
208,jared_leto
209,jared_leto
210,karl_urban
211,karl_urban
212,karl_urban
213,karl_urban
214,karl_urban
215,sissy_spacek
216,sissy_spacek
217,sissy_spacek
218,sissy_spacek
219,sissy_spacek
220,lucas_hedges
221,lucas_hedges
222,lucas_hedges
223,lucas_hedges
224,lucas_hedges
225,andrea_riseborough
226,andrea_riseborough
227,andrea_riseborough
228,andrea_riseborough
229,andrea_riseborough
230,jack_huston
231,jack_huston
232,jack_huston
233,jack_huston
234,jack_huston
235,jonah_hill
236,jonah_hill
237,jonah_hill
238,jonah_hill
239,jonah_hill
240,demi_moore
241,demi_moore
242,demi_moore
243,demi_moore
244,demi_moore
245,willem_dafoe
246,willem_dafoe
247,willem_dafoe
248,willem_dafoe
249,willem_dafoe
250,luke_evans
251,luke_evans
252,luke_evans
253,luke_evans
254,luke_evans
255,john_goodman
256,john_goodman
257,john_goodman
258,john_goodman
259,john_goodman
260,alison_brie
261,alison_brie
262,alison_brie
263,alison_brie
264,alison_brie
265,laura_dern
266,laura_dern
267,laura_dern
268,laura_dern
269,laura_dern
270,vincent_cassel
271,vincent_cassel
272,vincent_cassel
273,vincent_cassel
274,vincent_cassel
275,uma_thurman
276,uma_thurman
277,uma_thurman
278,uma_thurman
279,uma_thurman
280,jeremy_renner
281,jeremy_renner
282,jeremy_renner
283,jeremy_renner
284,jeremy_renner
285,luke_bracey
286,luke_bracey
287,luke_bracey
288,luke_bracey
289,luke_bracey
290,tom_hardy
291,tom_hardy
292,tom_hardy
293,tom_hardy
294,tom_hardy
295,tom_hanks
296,tom_hanks
297,tom_hanks
298,tom_hanks
299,tom_hanks
300,mark_rylance
301,mark_rylance
302,mark_rylance
303,mark_rylance
304,mark_rylance
305,brian_cox
306,brian_cox
307,brian_cox
308,brian_cox
309,brian_cox
310,jeff_goldblum
311,jeff_goldblum
312,jeff_goldblum
313,jeff_goldblum
314,jeff_goldblum
315,morena_baccarin
316,morena_baccarin
317,morena_baccarin
318,morena_baccarin
319,morena_baccarin
320,rachel_weisz
321,rachel_weisz
322,rachel_weisz
323,rachel_weisz
324,rachel_weisz
325,joe_pesci
326,joe_pesci
327,joe_pesci
328,joe_pesci
329,joe_pesci
330,holly_hunter
331,holly_hunter
332,holly_hunter
333,holly_hunter
334,holly_hunter
335,jean_reno
336,jean_reno
337,jean_reno
338,jean_reno
339,jean_reno
340,hilary_swank
341,hilary_swank
342,hilary_swank
343,hilary_swank
344,hilary_swank
345,gabriel_chavarria
346,gabriel_chavarria
347,gabriel_chavarria
348,gabriel_chavarria
349,gabriel_chavarria
350,keanu_reeves
351,keanu_reeves
352,keanu_reeves
353,keanu_reeves
354,keanu_reeves
355,robert_redford
356,robert_redford
357,robert_redford
358,robert_redford
359,robert_redford
360,mel_gibson
361,mel_gibson
362,mel_gibson
363,mel_gibson
364,mel_gibson
365,ben_stiller
366,ben_stiller
367,ben_stiller
368,ben_stiller
369,ben_stiller
370,zooey_deschanel
371,zooey_deschanel
372,zooey_deschanel
373,zooey_deschanel
374,zooey_deschanel
375,jamie_dornan
376,jamie_dornan
377,jamie_dornan
378,jamie_dornan
379,jamie_dornan
380,gugu_mbatha-Raw
381,gugu_mbatha-Raw
382,gugu_mbatha-Raw
383,gugu_mbatha-Raw
384,gugu_mbatha-Raw
385,orlando_bloom
386,orlando_bloom
387,orlando_bloom
388,orlando_bloom
389,orlando_bloom
390,rebecca_ferguson
391,rebecca_ferguson
392,rebecca_ferguson
393,rebecca_ferguson
394,rebecca_ferguson
395,theo_james
396,theo_james
397,theo_james
398,theo_james
399,theo_james
400,robin_wright
401,robin_wright
402,robin_wright
403,robin_wright
404,robin_wright
405,halle_berry
406,halle_berry
407,halle_berry
408,halle_berry
409,halle_berry
410,valerie_mahaffey
411,valerie_mahaffey
412,valerie_mahaffey
413,valerie_mahaffey
414,valerie_mahaffey
415,jodie_foster
416,jodie_foster
417,jodie_foster
418,jodie_foster
419,jodie_foster
420,julian_barratt
421,julian_barratt
422,julian_barratt
423,julian_barratt
424,julian_barratt
425,dan_floger
426,dan_floger
427,dan_floger
428,dan_floger
429,dan_floger
430,rami_malek
431,rami_malek
432,rami_malek
433,rami_malek
434,rami_malek
435,tommy_leeJones
436,tommy_leeJones
437,tommy_leeJones
438,tommy_leeJones
439,tommy_leeJones
440,megan_fox
441,megan_fox
442,megan_fox
443,megan_fox
444,megan_fox
445,marion_cotillard
446,marion_cotillard
447,marion_cotillard
448,marion_cotillard
449,marion_cotillard
450,khaterine_mcnamara
451,khaterine_mcnamara
452,khaterine_mcnamara
453,khaterine_mcnamara
454,khaterine_mcnamara
455,beverly_d'Angelo
456,beverly_d'Angelo
457,beverly_d'Angelo
458,beverly_d'Angelo
459,beverly_d'Angelo
460,eric_stonestreet
461,eric_stonestreet
462,eric_stonestreet
463,eric_stonestreet
464,eric_stonestreet
465,michelle_monaghan
466,michelle_monaghan
467,michelle_monaghan
468,michelle_monaghan
469,michelle_monaghan
470,kate_winslet
471,kate_winslet
472,kate_winslet
473,kate_winslet
474,kate_winslet
475,chris_evans
476,chris_evans
477,chris_evans
478,chris_evans
479,chris_evans
480,logan_marshall-green
481,logan_marshall-green
482,logan_marshall-green
483,logan_marshall-green
484,logan_marshall-green
485,viola_davis
486,viola_davis
487,viola_davis
488,viola_davis
489,viola_davis
490,seth_macFarlane
491,seth_macFarlane
492,seth_macFarlane
493,seth_macFarlane
494,seth_macFarlane
495,diane_keaton
496,diane_keaton
497,diane_keaton
498,diane_keaton
499,diane_keaton
500,janelle_monae
501,janelle_monae
502,janelle_monae
503,janelle_monae
504,janelle_monae
505,aaron_eckhart
506,aaron_eckhart
507,aaron_eckhart
508,aaron_eckhart
509,aaron_eckhart
510,kevin_hart
511,kevin_hart
512,kevin_hart
513,kevin_hart
514,kevin_hart
515,woody_allen
516,woody_allen
517,woody_allen
518,woody_allen
519,woody_allen
520,rachel_house
521,rachel_house
522,rachel_house
523,rachel_house
524,rachel_house
525,lara_pulver
526,lara_pulver
527,lara_pulver
528,lara_pulver
529,lara_pulver
530,tara_strong
531,tara_strong
532,tara_strong
533,tara_strong
534,tara_strong
535,christina_applegate
536,christina_applegate
537,christina_applegate
538,christina_applegate
539,christina_applegate
540,ellen_burstyn
541,ellen_burstyn
542,ellen_burstyn
543,ellen_burstyn
544,ellen_burstyn
545,eloise_mumford
546,eloise_mumford
547,eloise_mumford
548,eloise_mumford
549,eloise_mumford
550,george_clooney
551,george_clooney
552,george_clooney
553,george_clooney
554,george_clooney
555,josh_gad
556,josh_gad
557,josh_gad
558,josh_gad
559,josh_gad
560,drew_barrymore
561,drew_barrymore
562,drew_barrymore
563,drew_barrymore
564,drew_barrymore
565,jennifer_lopez
566,jennifer_lopez
567,jennifer_lopez
568,jennifer_lopez
569,jennifer_lopez
570,jennifer_lawrence
571,jennifer_lawrence
572,jennifer_lawrence
573,jennifer_lawrence
574,jennifer_lawrence
575,lake_bell
576,lake_bell
577,lake_bell
578,lake_bell
579,lake_bell
580,jennifer_garner
581,jennifer_garner
582,jennifer_garner
583,jennifer_garner
584,jennifer_garner
585,susan_sarandon
586,susan_sarandon
587,susan_sarandon
588,susan_sarandon
589,susan_sarandon
590,michael_douglas
591,michael_douglas
592,michael_douglas
593,michael_douglas
594,michael_douglas
595,drew_powell
596,drew_powell
597,drew_powell
598,drew_powell
599,drew_powell
600,jesse_bradford
601,jesse_bradford
602,jesse_bradford
603,jesse_bradford
604,jesse_bradford
605,geoffrey_rush
606,geoffrey_rush
607,geoffrey_rush
608,geoffrey_rush
609,geoffrey_rush
610,liam_neeson
611,liam_neeson
612,liam_neeson
613,liam_neeson
614,liam_neeson
615,felicity_jones
616,felicity_jones
617,felicity_jones
618,felicity_jones
619,felicity_jones
620,sierra mccormick
621,sierra mccormick
622,sierra mccormick
623,sierra mccormick
624,sierra mccormick
625,idris_elba
626,idris_elba
627,idris_elba
628,idris_elba
629,idris_elba
630,sam_claflin
631,sam_claflin
632,sam_claflin
633,sam_claflin
634,sam_claflin
635,maggie_smith
636,maggie_smith
637,maggie_smith
638,maggie_smith
639,maggie_smith
640,jason_o'Mara
641,jason_o'Mara
642,jason_o'Mara
643,jason_o'Mara
644,jason_o'Mara
645,selena_gomez
646,selena_gomez
647,selena_gomez
648,selena_gomez
649,selena_gomez
650,bette_midler
651,bette_midler
652,bette_midler
653,bette_midler
654,bette_midler
655,mark_ruffalo
656,mark_ruffalo
657,mark_ruffalo
658,mark_ruffalo
659,mark_ruffalo
660,john_boyega
661,john_boyega
662,john_boyega
663,john_boyega
664,john_boyega
665,gwyneth_paltrow
666,gwyneth_paltrow
667,gwyneth_paltrow
668,gwyneth_paltrow
669,gwyneth_paltrow
670,michael_keaton
671,michael_keaton
672,michael_keaton
673,michael_keaton
674,michael_keaton
675,jennifer_aniston
676,jennifer_aniston
677,jennifer_aniston
678,jennifer_aniston
679,jennifer_aniston
680,bruce_willis
681,bruce_willis
682,bruce_willis
683,bruce_willis
684,bruce_willis
685,kirsten_dunst
686,kirsten_dunst
687,kirsten_dunst
688,kirsten_dunst
689,kirsten_dunst
690,peter_Gallagher
691,peter_Gallagher
692,peter_Gallagher
693,peter_Gallagher
694,peter_Gallagher
695,emmanuelle_riva
696,emmanuelle_riva
697,emmanuelle_riva
698,emmanuelle_riva
699,emmanuelle_riva
700,eddie_redmayne
701,eddie_redmayne
702,eddie_redmayne
703,eddie_redmayne
704,eddie_redmayne
705,michael_sheen
706,michael_sheen
707,michael_sheen
708,michael_sheen
709,michael_sheen
710,addison_timlin
711,addison_timlin
712,addison_timlin
713,addison_timlin
714,addison_timlin
715,cobie_smulders
716,cobie_smulders
717,cobie_smulders
718,cobie_smulders
719,cobie_smulders
720,jeremy_irvine
721,jeremy_irvine
722,jeremy_irvine
723,jeremy_irvine
724,jeremy_irvine
725,matthew_mcconaughey
726,matthew_mcconaughey
727,matthew_mcconaughey
728,matthew_mcconaughey
729,matthew_mcconaughey
730,daniel_daylewis
731,daniel_daylewis
732,daniel_daylewis
733,daniel_daylewis
734,daniel_daylewis
735,chris_hemsworth
736,chris_hemsworth
737,chris_hemsworth
738,chris_hemsworth
739,chris_hemsworth
740,charles_dance
741,charles_dance
742,charles_dance
743,charles_dance
744,charles_dance
745,kate_hudson
746,kate_hudson
747,kate_hudson
748,kate_hudson
749,kate_hudson
750,laura_linney
751,laura_linney
752,laura_linney
753,laura_linney
754,laura_linney
755,roberto_benigni
756,roberto_benigni
757,roberto_benigni
758,roberto_benigni
759,roberto_benigni
760,adele_exarchopoulus
761,adele_exarchopoulus
762,adele_exarchopoulus
763,adele_exarchopoulus
764,adele_exarchopoulus
765,patrick_swayze
766,patrick_swayze
767,patrick_swayze
768,patrick_swayze
769,patrick_swayze
770,kenneth_branagh
771,kenneth_branagh
772,kenneth_branagh
773,kenneth_branagh
774,kenneth_branagh
775,octavia_spencer
776,octavia_spencer
777,octavia_spencer
778,octavia_spencer
779,octavia_spencer
780,anna_taylor-joy
781,anna_taylor-joy
782,anna_taylor-joy
783,anna_taylor-joy
784,anna_taylor-joy
785,milla_jovovich
786,milla_jovovich
787,milla_jovovich
788,milla_jovovich
789,milla_jovovich
790,emma_watson
791,emma_watson
792,emma_watson
793,emma_watson
794,emma_watson
795,amy_adams
796,amy_adams
797,amy_adams
798,amy_adams
799,amy_adams
800,david_bale
801,david_bale
802,david_bale
803,david_bale
804,david_bale
805,benedict_cumberbatch
806,benedict_cumberbatch
807,benedict_cumberbatch
808,benedict_cumberbatch
809,benedict_cumberbatch
810,jessica_lange
811,jessica_lange
812,jessica_lange
813,jessica_lange
814,jessica_lange
815,charlie_hunnam
816,charlie_hunnam
817,charlie_hunnam
818,charlie_hunnam
819,charlie_hunnam
820,sean_penn
821,sean_penn
822,sean_penn
823,sean_penn
824,sean_penn
825,robert_downeyjr
826,robert_downeyjr
827,robert_downeyjr
828,robert_downeyjr
829,robert_downeyjr
830,donnie_yen
831,donnie_yen
832,donnie_yen
833,donnie_yen
834,donnie_yen
835,helen_mirren
836,helen_mirren
837,helen_mirren
838,helen_mirren
839,helen_mirren
840,benedict_wong
841,benedict_wong
842,benedict_wong
843,benedict_wong
844,benedict_wong
845,anna_kendrick
846,anna_kendrick
847,anna_kendrick
848,anna_kendrick
849,anna_kendrick
850,shariff_earp
851,shariff_earp
852,shariff_earp
853,shariff_earp
854,shariff_earp
855,heath_ledger
856,heath_ledger
857,heath_ledger
858,heath_ledger
859,heath_ledger
860,lain_glen
861,lain_glen
862,lain_glen
863,lain_glen
864,lain_glen
865,alex_rHibbert
866,alex_rHibbert
867,alex_rHibbert
868,alex_rHibbert
869,alex_rHibbert
870,jack_nicholson
871,jack_nicholson
872,jack_nicholson
873,jack_nicholson
874,jack_nicholson
875,adam_driver
876,adam_driver
877,adam_driver
878,adam_driver
879,adam_driver
880,vincent_d'Onofrio
881,vincent_d'Onofrio
882,vincent_d'Onofrio
883,vincent_d'Onofrio
884,vincent_d'Onofrio
885,rachel_mcAdams
886,rachel_mcAdams
887,rachel_mcAdams
888,rachel_mcAdams
889,rachel_mcAdams
890,ryan_gosling
891,ryan_gosling
892,ryan_gosling
893,ryan_gosling
894,ryan_gosling
895,noomi_rapace
896,noomi_rapace
897,noomi_rapace
898,noomi_rapace
899,noomi_rapace
900,will_smith
901,will_smith
902,will_smith
903,will_smith
904,will_smith
905,linda_cardellini
906,linda_cardellini
907,linda_cardellini
908,linda_cardellini
909,linda_cardellini
910,steve_buscemi
911,steve_buscemi
912,steve_buscemi
913,steve_buscemi
914,steve_buscemi
915,leighton_meester
916,leighton_meester
917,leighton_meester
918,leighton_meester
919,leighton_meester
920,daniel_craig
921,daniel_craig
922,daniel_craig
923,daniel_craig
924,daniel_craig
925,karen_gillan
926,karen_gillan
927,karen_gillan
928,karen_gillan
929,karen_gillan
930,mark_strong
931,mark_strong
932,mark_strong
933,mark_strong
934,mark_strong
935,joely_richardson
936,joely_richardson
937,joely_richardson
938,joely_richardson
939,joely_richardson
940,bill_pullman
941,bill_pullman
942,bill_pullman
943,bill_pullman
944,bill_pullman
945,demian_bichir
946,demian_bichir
947,demian_bichir
948,demian_bichir
949,demian_bichir
950,viggo_mortensen
951,viggo_mortensen
952,viggo_mortensen
953,viggo_mortensen
954,viggo_mortensen
955,jared_harris
956,jared_harris
957,jared_harris
958,jared_harris
959,jared_harris
960,laurence_fishburne
961,laurence_fishburne
962,laurence_fishburne
963,laurence_fishburne
964,laurence_fishburne
965,joe_manganiello
966,joe_manganiello
967,joe_manganiello
968,joe_manganiello
969,joe_manganiello
970,barbra_streisand
971,barbra_streisand
972,barbra_streisand
973,barbra_streisand
974,barbra_streisand
975,scarlett_johansson
976,scarlett_johansson
977,scarlett_johansson
978,scarlett_johansson
979,scarlett_johansson
980,crystal_reed
981,crystal_reed
982,crystal_reed
983,crystal_reed
984,crystal_reed
985,jeremy_irons
986,jeremy_irons
987,jeremy_irons
988,jeremy_irons
989,jeremy_irons
990,tom_hiddeleston
991,tom_hiddeleston
992,tom_hiddeleston
993,tom_hiddeleston
994,tom_hiddeleston
995,peter_dinklage
996,peter_dinklage
997,peter_dinklage
998,peter_dinklage
999,peter_dinklage
1000,michael_mcElhatton
1001,michael_mcElhatton
1002,michael_mcElhatton
1003,michael_mcElhatton
1004,michael_mcElhatton
1005,lori_petty
1006,lori_petty
1007,lori_petty
1008,lori_petty
1009,lori_petty
1010,casey_affleck
1011,casey_affleck
1012,casey_affleck
1013,casey_affleck
1014,casey_affleck
1015,michelle_pfeiffer
1016,michelle_pfeiffer
1017,michelle_pfeiffer
1018,michelle_pfeiffer
1019,michelle_pfeiffer
1020,sophia_loren
1021,sophia_loren
1022,sophia_loren
1023,sophia_loren
1024,sophia_loren
1025,miles_teller
1026,miles_teller
1027,miles_teller
1028,miles_teller
1029,miles_teller
1030,duan_sanderson
1031,duan_sanderson
1032,duan_sanderson
1033,duan_sanderson
1034,duan_sanderson
1035,tom_cruise
1036,tom_cruise
1037,tom_cruise
1038,tom_cruise
1039,tom_cruise
1040,henry_cavill
1041,henry_cavill
1042,henry_cavill
1043,henry_cavill
1044,henry_cavill
1045,john_travolta
1046,john_travolta
1047,john_travolta
1048,john_travolta
1049,john_travolta
1050,meg_ryan
1051,meg_ryan
1052,meg_ryan
1053,meg_ryan
1054,meg_ryan
1055,gene_hackman
1056,gene_hackman
1057,gene_hackman
1058,gene_hackman
1059,gene_hackman
1060,naomi_watts
1061,naomi_watts
1062,naomi_watts
1063,naomi_watts
1064,naomi_watts
1065,nadia_white
1066,nadia_white
1067,nadia_white
1068,nadia_white
1069,nadia_white
1070,david_oyelowo
1071,david_oyelowo
1072,david_oyelowo
1073,david_oyelowo
1074,david_oyelowo
1075,emma_thompson
1076,emma_thompson
1077,emma_thompson
1078,emma_thompson
1079,emma_thompson
1080,emilia_clarke
1081,emilia_clarke
1082,emilia_clarke
1083,emilia_clarke
1084,emilia_clarke
1085,kim_basinger
1086,kim_basinger
1087,kim_basinger
1088,kim_basinger
1089,kim_basinger
1090,john_cusack
1091,john_cusack
1092,john_cusack
1093,john_cusack
1094,john_cusack
1095,tilda_swinton
1096,tilda_swinton
1097,tilda_swinton
1098,tilda_swinton
1099,tilda_swinton
1100,nicolas_cage
1101,nicolas_cage
1102,nicolas_cage
1103,nicolas_cage
1104,nicolas_cage
1105,renèe_zellweger
1106,renèe_zellweger
1107,renèe_zellweger
1108,renèe_zellweger
1109,renèe_zellweger
1110,mila_kunis
1111,mila_kunis
1112,mila_kunis
1113,mila_kunis
1114,mila_kunis
1115,morgan_freeman
1116,morgan_freeman
1117,morgan_freeman
1118,morgan_freeman
1119,morgan_freeman
1120,jude_law
1121,jude_law
1122,jude_law
1123,jude_law
1124,jude_law
1125,alicia_vikander
1126,alicia_vikander
1127,alicia_vikander
1128,alicia_vikander
1129,alicia_vikander
1130,robin_williams
1131,robin_williams
1132,robin_williams
1133,robin_williams
1134,robin_williams
1135,dylan_minnette
1136,dylan_minnette
1137,dylan_minnette
1138,dylan_minnette
1139,dylan_minnette
1140,cristoph_waltz
1141,cristoph_waltz
1142,cristoph_waltz
1143,cristoph_waltz
1144,cristoph_waltz
1145,shirley_maclaine
1146,shirley_maclaine
1147,shirley_maclaine
1148,shirley_maclaine
1149,shirley_maclaine
1150,sally_field
1151,sally_field
1152,sally_field
1153,sally_field
1154,sally_field
1155,alan_tudyk
1156,alan_tudyk
1157,alan_tudyk
1158,alan_tudyk
1159,alan_tudyk
1160,colin_farrell
1161,colin_farrell
1162,colin_farrell
1163,colin_farrell
1164,colin_farrell
1165,adrien_brody
1166,adrien_brody
1167,adrien_brody
1168,adrien_brody
1169,adrien_brody
1170,taron_egerton
1171,taron_egerton
1172,taron_egerton
1173,taron_egerton
1174,taron_egerton
1175,justin_timberlake
1176,justin_timberlake
1177,justin_timberlake
1178,justin_timberlake
1179,justin_timberlake
1180,kristen_wiig
1181,kristen_wiig
1182,kristen_wiig
1183,kristen_wiig
1184,kristen_wiig
1185,dakota_johnson
1186,dakota_johnson
1187,dakota_johnson
1188,dakota_johnson
1189,dakota_johnson
1190,hermione_corfield
1191,hermione_corfield
1192,hermione_corfield
1193,hermione_corfield
1194,hermione_corfield
1195,sandra_bullock
1196,sandra_bullock
1197,sandra_bullock
1198,sandra_bullock
1199,sandra_bullock
1200,penelope_cruz
1201,penelope_cruz
1202,penelope_cruz
1203,penelope_cruz
1204,penelope_cruz
1205,ali_larter
1206,ali_larter
1207,ali_larter
1208,ali_larter
1209,ali_larter
1210,emily_blunt
1211,emily_blunt
1212,emily_blunt
1213,emily_blunt
1214,emily_blunt
1215,vin_diesel
1216,vin_diesel
1217,vin_diesel
1218,vin_diesel
1219,vin_diesel
1220,oscar_isaac
1221,oscar_isaac
1222,oscar_isaac
1223,oscar_isaac
1224,oscar_isaac
1225,joseph_gordon
1226,joseph_gordon
1227,joseph_gordon
1228,joseph_gordon
1229,joseph_gordon
1230,arnold_schwarzenegger
1231,arnold_schwarzenegger
1232,arnold_schwarzenegger
1233,arnold_schwarzenegger
1234,arnold_schwarzenegger
1235,don_cheadle
1236,don_cheadle
1237,don_cheadle
1238,don_cheadle
1239,don_cheadle
1240,james_franco
1241,james_franco
1242,james_franco
1243,james_franco
1244,james_franco
1245,ed_skrein
1246,ed_skrein
1247,ed_skrein
1248,ed_skrein
1249,ed_skrein
1250,edgar_ramirez
1251,edgar_ramirez
1252,edgar_ramirez
1253,edgar_ramirez
1254,edgar_ramirez
1255,diego_luna
1256,diego_luna
1257,diego_luna
1258,diego_luna
1259,diego_luna
1260,cate_blanchett
1261,cate_blanchett
1262,cate_blanchett
1263,cate_blanchett
1264,cate_blanchett
1265,prabhas
1266,prabhas
1267,prabhas
1268,prabhas
1269,prabhas
1270,ethan_hawke
1271,ethan_hawke
1272,ethan_hawke
1273,ethan_hawke
1274,ethan_hawke
1275,zac_efron
1276,zac_efron
1277,zac_efron
1278,zac_efron
1279,zac_efron
1280,andy_lau
1281,andy_lau
1282,andy_lau
1283,andy_lau
1284,andy_lau
1285,jake_gyllenhaal
1286,jake_gyllenhaal
1287,jake_gyllenhaal
1288,jake_gyllenhaal
1289,jake_gyllenhaal
1290,anthony_hopkins
1291,anthony_hopkins
1292,anthony_hopkins
1293,anthony_hopkins
1294,anthony_hopkins
1295,julie_andrews
1296,julie_andrews
1297,julie_andrews
1298,julie_andrews
1299,julie_andrews
1300,johnny_depp
1301,johnny_depp
1302,johnny_depp
1303,johnny_depp
1304,johnny_depp
1305,carey_mulligan
1306,carey_mulligan
1307,carey_mulligan
1308,carey_mulligan
1309,carey_mulligan
1310,zoe_kravitz
1311,zoe_kravitz
1312,zoe_kravitz
1313,zoe_kravitz
1314,zoe_kravitz
1315,joel_edgerton
1316,joel_edgerton
1317,joel_edgerton
1318,joel_edgerton
1319,joel_edgerton
1320,walton_goggins
1321,walton_goggins
1322,walton_goggins
1323,walton_goggins
1324,walton_goggins
1325,michelle_williams
1326,michelle_williams
1327,michelle_williams
1328,michelle_williams
1329,michelle_williams
1330,tim_roth
1331,tim_roth
1332,tim_roth
1333,tim_roth
1334,tim_roth
1335,tim_blakenelson
1336,tim_blakenelson
1337,tim_blakenelson
1338,tim_blakenelson
1339,tim_blakenelson
1340,colin_firth
1341,colin_firth
1342,colin_firth
1343,colin_firth
1344,colin_firth
1345,russell_crowe
1346,russell_crowe
1347,russell_crowe
1348,russell_crowe
1349,russell_crowe
1350,eva_green
1351,eva_green
1352,eva_green
1353,eva_green
1354,eva_green
1355,stephen_lang
1356,stephen_lang
1357,stephen_lang
1358,stephen_lang
1359,stephen_lang
1360,dev_patel
1361,dev_patel
1362,dev_patel
1363,dev_patel
1364,dev_patel
1365,alec_baldwin
1366,alec_baldwin
1367,alec_baldwin
1368,alec_baldwin
1369,alec_baldwin
1370,edward_norton
1371,edward_norton
1372,edward_norton
1373,edward_norton
1374,edward_norton
1375,susie_porter
1376,susie_porter
1377,susie_porter
1378,susie_porter
1379,susie_porter
1380,stan_lee
1381,stan_lee
1382,stan_lee
1383,stan_lee
1384,stan_lee
1385,geena_davis
1386,geena_davis
1387,geena_davis
1388,geena_davis
1389,geena_davis
1390,charlize_theron
1391,charlize_theron
1392,charlize_theron
1393,charlize_theron
1394,charlize_theron
1395,angela_bassett
1396,angela_bassett
1397,angela_bassett
1398,angela_bassett
1399,angela_bassett
1400,louis_c.K
1401,louis_c.K
1402,louis_c.K
1403,louis_c.K
1404,louis_c.K
1405,tangie_ambrose
1406,tangie_ambrose
1407,tangie_ambrose
1408,tangie_ambrose
1409,tangie_ambrose
1410,travis_fimmel
1411,travis_fimmel
1412,travis_fimmel
1413,travis_fimmel
1414,travis_fimmel
1415,tim_robbins
1416,tim_robbins
1417,tim_robbins
1418,tim_robbins
1419,tim_robbins
1420,zach_galifianakis
1421,zach_galifianakis
1422,zach_galifianakis
1423,zach_galifianakis
1424,zach_galifianakis
1425,debra_winger
1426,debra_winger
1427,debra_winger
1428,debra_winger
1429,debra_winger
1430,vera_farmiga
1431,vera_farmiga
1432,vera_farmiga
1433,vera_farmiga
1434,vera_farmiga
1435,pierre_richard
1436,pierre_richard
1437,pierre_richard
1438,pierre_richard
1439,pierre_richard
1440,hugh_jackman
1441,hugh_jackman
1442,hugh_jackman
1443,hugh_jackman
1444,hugh_jackman
1445,jessica_chastain
1446,jessica_chastain
1447,jessica_chastain
1448,jessica_chastain
1449,jessica_chastain
1450,matt_damon
1451,matt_damon
1452,matt_damon
1453,matt_damon
1454,matt_damon
1455,jason_sudeikis
1456,jason_sudeikis
1457,jason_sudeikis
1458,jason_sudeikis
1459,jason_sudeikis
1460,haley_bennett
1461,haley_bennett
1462,haley_bennett
1463,haley_bennett
1464,haley_bennett
1465,cara_buono
1466,cara_buono
1467,cara_buono
1468,cara_buono
1469,cara_buono
1470,emma_booth
1471,emma_booth
1472,emma_booth
1473,emma_booth
1474,emma_booth
1475,paul_giamatti
1476,paul_giamatti
1477,paul_giamatti
1478,paul_giamatti
1479,paul_giamatti
1480,essie_davis
1481,essie_davis
1482,essie_davis
1483,essie_davis
1484,essie_davis
1485,maika_monroe
1486,maika_monroe
1487,maika_monroe
1488,maika_monroe
1489,maika_monroe
1490,bill_paxton
1491,bill_paxton
1492,bill_paxton
1493,bill_paxton
1494,bill_paxton
1495,jessica_sula
1496,jessica_sula
1497,jessica_sula
1498,jessica_sula
1499,jessica_sula
1500,michael_fassbender
1501,michael_fassbender
1502,michael_fassbender
1503,michael_fassbender
1504,michael_fassbender
1505,josh_brolin
1506,josh_brolin
1507,josh_brolin
1508,josh_brolin
1509,josh_brolin
1510,michael_nyqvist
1511,michael_nyqvist
1512,michael_nyqvist
1513,michael_nyqvist
1514,michael_nyqvist
1515,harvey_keitel
1516,harvey_keitel
1517,harvey_keitel
1518,harvey_keitel
1519,harvey_keitel
1520,kevin_costner
1521,kevin_costner
1522,kevin_costner
1523,kevin_costner
1524,kevin_costner
1525,daniel_zovatto
1526,daniel_zovatto
1527,daniel_zovatto
1528,daniel_zovatto
1529,daniel_zovatto
1530,keira_knightley
1531,keira_knightley
1532,keira_knightley
1533,keira_knightley
1534,keira_knightley
1535,james_mcavoy
1536,james_mcavoy
1537,james_mcavoy
1538,james_mcavoy
1539,james_mcavoy
1540,benicio_deltoro
1541,benicio_deltoro
1542,benicio_deltoro
1543,benicio_deltoro
1544,benicio_deltoro
1545,sam_worthington
1546,sam_worthington
1547,sam_worthington
1548,sam_worthington
1549,sam_worthington
1550,dustin_hoffman
1551,dustin_hoffman
1552,dustin_hoffman
1553,dustin_hoffman
1554,dustin_hoffman
1555,tom_holland
1556,tom_holland
1557,tom_holland
1558,tom_holland
1559,tom_holland
1560,diana_lane
1561,diana_lane
1562,diana_lane
1563,diana_lane
1564,diana_lane
1565,jesse_borrego
1566,jesse_borrego
1567,jesse_borrego
1568,jesse_borrego
1569,jesse_borrego
1570,zoe_saldana
1571,zoe_saldana
1572,zoe_saldana
1573,zoe_saldana
1574,zoe_saldana
1575,yvonne_strahovski
1576,yvonne_strahovski
1577,yvonne_strahovski
1578,yvonne_strahovski
1579,yvonne_strahovski
1580,chiwetel_ejiofor
1581,chiwetel_ejiofor
1582,chiwetel_ejiofor
1583,chiwetel_ejiofor
1584,chiwetel_ejiofor
1585,quentin_tarantino
1586,quentin_tarantino
1587,quentin_tarantino
1588,quentin_tarantino
1589,quentin_tarantino
1590,katie_holmes
1591,katie_holmes
1592,katie_holmes
1593,katie_holmes
1594,katie_holmes
1595,gemma_arterton
1596,gemma_arterton
1597,gemma_arterton
1598,gemma_arterton
1599,gemma_arterton
1600,bryan_cranston
1601,bryan_cranston
1602,bryan_cranston
1603,bryan_cranston
1604,bryan_cranston
1605,christopher_mintz-Plasse
1606,christopher_mintz-Plasse
1607,christopher_mintz-Plasse
1608,christopher_mintz-Plasse
1609,christopher_mintz-Plasse
1610,ruby_rose
1611,ruby_rose
1612,ruby_rose
1613,ruby_rose
1614,ruby_rose
1615,julianne_moore
1616,julianne_moore
1617,julianne_moore
1618,julianne_moore
1619,julianne_moore
1620,mark_wahlberg
1621,mark_wahlberg
1622,mark_wahlberg
1623,mark_wahlberg
1624,mark_wahlberg
1625,mahershala_ali
1626,mahershala_ali
1627,mahershala_ali
1628,mahershala_ali
1629,mahershala_ali
1630,ashleigh_cummings
1631,ashleigh_cummings
1632,ashleigh_cummings
1633,ashleigh_cummings
1634,ashleigh_cummings
1635,pom_klementieff
1636,pom_klementieff
1637,pom_klementieff
1638,pom_klementieff
1639,pom_klementieff
1640,owen_wilson
1641,owen_wilson
1642,owen_wilson
1643,owen_wilson
1644,owen_wilson
1645,ophelia_lovibond
1646,ophelia_lovibond
1647,ophelia_lovibond
1648,ophelia_lovibond
1649,ophelia_lovibond
1650,paul_rudd
1651,paul_rudd
1652,paul_rudd
1653,paul_rudd
1654,paul_rudd
1655,reese_witherspoon
1656,reese_witherspoon
1657,reese_witherspoon
1658,reese_witherspoon
1659,reese_witherspoon
1660,al_pacino
1661,al_pacino
1662,al_pacino
1663,al_pacino
1664,al_pacino
1665,catherine-zetajones
1666,catherine-zetajones
1667,catherine-zetajones
1668,catherine-zetajones
1669,catherine-zetajones
1670,brendan_gleeson
1671,brendan_gleeson
1672,brendan_gleeson
1673,brendan_gleeson
1674,brendan_gleeson
1675,daisy_ridley
1676,daisy_ridley
1677,daisy_ridley
1678,daisy_ridley
1679,daisy_ridley
1680,margot_robbie
1681,margot_robbie
1682,margot_robbie
1683,margot_robbie
1684,margot_robbie
1685,temuera_morrison
1686,temuera_morrison
1687,temuera_morrison
1688,temuera_morrison
1689,temuera_morrison
1690,liam_hemsworth
1691,liam_hemsworth
1692,liam_hemsworth
1693,liam_hemsworth
1694,liam_hemsworth
1695,kathryn_hahn
1696,kathryn_hahn
1697,kathryn_hahn
1698,kathryn_hahn
1699,kathryn_hahn
1700,gary_oldman
1701,gary_oldman
1702,gary_oldman
1703,gary_oldman
1704,gary_oldman
1705,sienna_miller
1706,sienna_miller
1707,sienna_miller
1708,sienna_miller
1709,sienna_miller
1710,aaron_taylor-Johnson
1711,aaron_taylor-Johnson
1712,aaron_taylor-Johnson
1713,aaron_taylor-Johnson
1714,aaron_taylor-Johnson
1715,anne_hathaway
1716,anne_hathaway
1717,anne_hathaway
1718,anne_hathaway
1719,anne_hathaway
1720,jodie_whittaker
1721,jodie_whittaker
1722,jodie_whittaker
1723,jodie_whittaker
1724,jodie_whittaker
1725,emile_hirsch
1726,emile_hirsch
1727,emile_hirsch
1728,emile_hirsch
1729,emile_hirsch
1730,kyle_chandler
1731,kyle_chandler
1732,kyle_chandler
1733,kyle_chandler
1734,kyle_chandler
1735,katherine_heigl
1736,katherine_heigl
1737,katherine_heigl
1738,katherine_heigl
1739,katherine_heigl
1740,zachary_quinto
1741,zachary_quinto
1742,zachary_quinto
1743,zachary_quinto
1744,zachary_quinto
1745,seth_rogen
1746,seth_rogen
1747,seth_rogen
1748,seth_rogen
1749,seth_rogen
1750,kevin_spacey
1751,kevin_spacey
1752,kevin_spacey
1753,kevin_spacey
1754,kevin_spacey
1755,channing_tatum
1756,channing_tatum
1757,channing_tatum
1758,channing_tatum
1759,channing_tatum
1760,alfie_allen
1761,alfie_allen
1762,alfie_allen
1763,alfie_allen
1764,alfie_allen
1765,tadanobu_asano
1766,tadanobu_asano
1767,tadanobu_asano
1768,tadanobu_asano
1769,tadanobu_asano
1770,corey_stoll
1771,corey_stoll
1772,corey_stoll
1773,corey_stoll
1774,corey_stoll
1775,samuel_Ljackson
1776,samuel_Ljackson
1777,samuel_Ljackson
1778,samuel_Ljackson
1779,samuel_Ljackson
1780,woody_harrelson
1781,woody_harrelson
1782,woody_harrelson
1783,woody_harrelson
1784,woody_harrelson
1785,judi_dench
1786,judi_dench
1787,judi_dench
1788,judi_dench
1789,judi_dench
1790,robert_pattinson
1791,robert_pattinson
1792,robert_pattinson
1793,robert_pattinson
1794,robert_pattinson
1795,elizabeth_debicki
1796,elizabeth_debicki
1797,elizabeth_debicki
1798,elizabeth_debicki
1799,elizabeth_debicki
1800,faye_dunaway
1801,faye_dunaway
1802,faye_dunaway
1803,faye_dunaway
1804,faye_dunaway
1805,rooney_mara
1806,rooney_mara
1807,rooney_mara
1808,rooney_mara
1809,rooney_mara
1810,nicole_kidman
1811,nicole_kidman
1812,nicole_kidman
1813,nicole_kidman
1814,nicole_kidman
1815,andrew_garfield
1816,andrew_garfield
1817,andrew_garfield
1818,andrew_garfield
1819,andrew_garfield
1820,ben_kingsley
1821,ben_kingsley
1822,ben_kingsley
1823,ben_kingsley
1824,ben_kingsley
1825,jane_fonda
1826,jane_fonda
1827,jane_fonda
1828,jane_fonda
1829,jane_fonda
1830,sylvester_stallone
1831,sylvester_stallone
1832,sylvester_stallone
1833,sylvester_stallone
1834,sylvester_stallone
1835,austin_stowell
1836,austin_stowell
1837,austin_stowell
1838,austin_stowell
1839,austin_stowell
1840,bradley_cooper
1841,bradley_cooper
1842,bradley_cooper
1843,bradley_cooper
1844,bradley_cooper
1845,mackenzie_foy
1846,mackenzie_foy
1847,mackenzie_foy
1848,mackenzie_foy
1849,mackenzie_foy
1850,nicholas_hoult
1851,nicholas_hoult
1852,nicholas_hoult
1853,nicholas_hoult
1854,nicholas_hoult
1855,ryan_reynolds
1856,ryan_reynolds
1857,ryan_reynolds
1858,ryan_reynolds
1859,ryan_reynolds
1860,leonardo_dicaprio
1861,leonardo_dicaprio
1862,leonardo_dicaprio
1863,leonardo_dicaprio
1864,leonardo_dicaprio
1865,theo_rossi
1866,theo_rossi
1867,theo_rossi
1868,theo_rossi
1869,theo_rossi
1870,jesse_eisenberg
1871,jesse_eisenberg
1872,jesse_eisenberg
1873,jesse_eisenberg
1874,jesse_eisenberg
1875,shannon_purser
1876,shannon_purser
1877,shannon_purser
1878,shannon_purser
1879,shannon_purser
1880,sean_connery
1881,sean_connery
1882,sean_connery
1883,sean_connery
1884,sean_connery
1885,dwayne_johnson
1886,dwayne_johnson
1887,dwayne_johnson
1888,dwayne_johnson
1889,dwayne_johnson
1890,angelina_jolie
1891,angelina_jolie
1892,angelina_jolie
1893,angelina_jolie
1894,angelina_jolie
1895,juliette_binoche
1896,juliette_binoche
1897,juliette_binoche
1898,juliette_binoche
1899,juliette_binoche
1900,alistair_abell
1901,alistair_abell
1902,alistair_abell
1903,alistair_abell
1904,alistair_abell
1905,john_carrolLynch
1906,john_carrolLynch
1907,john_carrolLynch
1908,john_carrolLynch
1909,john_carrolLynch
1910,michael_shannon
1911,michael_shannon
1912,michael_shannon
1913,michael_shannon
1914,michael_shannon
1915,jessica_alba
1916,jessica_alba
1917,jessica_alba
1918,jessica_alba
1919,jessica_alba
1920,dan_stevens
1921,dan_stevens
1922,dan_stevens
1923,dan_stevens
1924,dan_stevens
1925,domhnall_gleeson
1926,domhnall_gleeson
1927,domhnall_gleeson
1928,domhnall_gleeson
1929,domhnall_gleeson
1930,annette_bening
1931,annette_bening
1932,annette_bening
1933,annette_bening
1934,annette_bening
1935,christian_bale
1936,christian_bale
1937,christian_bale
1938,christian_bale
1939,christian_bale
1940,meryl_streep
1941,meryl_streep
1942,meryl_streep
1943,meryl_streep
1944,meryl_streep
1945,robert_duvall
1946,robert_duvall
1947,robert_duvall
1948,robert_duvall
1949,robert_duvall
1950,harrison_ford
1951,harrison_ford
1952,harrison_ford
1953,harrison_ford
1954,harrison_ford
1955,jeff_bridges
1956,jeff_bridges
1957,jeff_bridges
1958,jeff_bridges
1959,jeff_bridges
1960,julia_roberts
1961,julia_roberts
1962,julia_roberts
1963,julia_roberts
1964,julia_roberts
1965,glen_close
1966,glen_close
1967,glen_close
1968,glen_close
1969,glen_close
1970,jewel_staite
1971,jewel_staite
1972,jewel_staite
1973,jewel_staite
1974,jewel_staite
1975,cameron_diaz
1976,cameron_diaz
1977,cameron_diaz
1978,cameron_diaz
1979,cameron_diaz
1980,michael_caine
1981,michael_caine
1982,michael_caine
1983,michael_caine
1984,michael_caine
1985,kathy_bates
1986,kathy_bates
1987,kathy_bates
1988,kathy_bates
1989,kathy_bates
1990,chris_pratt
1991,chris_pratt
1992,chris_pratt
1993,chris_pratt
1994,chris_pratt
1995,kate_beckinsale
1996,kate_beckinsale
1997,kate_beckinsale
1998,kate_beckinsale
1999,kate_beckinsale
2000,sean_astin
2001,sean_astin
2002,sean_astin
2003,sean_astin
2004,sean_astin
2005,daniel_radcliffe
2006,daniel_radcliffe
2007,daniel_radcliffe
2008,daniel_radcliffe
2009,daniel_radcliffe
2010,gal_gadot
2011,gal_gadot
2012,gal_gadot
2013,gal_gadot
2014,gal_gadot
2015,shawn_roberts
2016,shawn_roberts
2017,shawn_roberts
2018,shawn_roberts
2019,shawn_roberts
2020,denzel_washington
2021,denzel_washington
2022,denzel_washington
2023,denzel_washington
2024,denzel_washington
2025,jennifer_ehle
2026,jennifer_ehle
2027,jennifer_ehle
2028,jennifer_ehle
2029,jennifer_ehle
2030,kurt_russell
2031,kurt_russell
2032,kurt_russell
2033,kurt_russell
2034,kurt_russell
2035,andy_serkis
2036,andy_serkis
2037,andy_serkis
2038,andy_serkis
2039,andy_serkis
